type,query,result,source_num,count-example,down_links,count-example-num,time,holds_policies,holds_not_policies,unknown_policies
trim,,,,,,,0.17638254165649414,0,659,1320
reachability,Type:reachability;IngressNodeRegex:^roma$|^kiev$|^budapest$|^sofia$|^london$|^strasbourg$|^barcelona$|^luxembourg$|^vienna$|^geneva$|^istanbul$|^brussels$|^amsterdam$|^madrid$|^zurich$|^praha$|^frankfurt$|^bucharest$|^paris$|^bratislava$|^athens$|^lyon$|^marseille$|^milan$|^basel$|^rotterdam$;FinalNodeRegex:warsaw;FinalIfaceRegex:FastEthernet0/0;Negate:False;MaxFailures:1;Environment:;,correct,26.0,,,0.0,1.1169509887695312,26,659,1294
reachability,Type:reachability;IngressNodeRegex:^roma$|^warsaw$|^kiev$|^budapest$|^sofia$|^london$|^strasbourg$|^barcelona$|^luxembourg$|^vienna$|^geneva$|^istanbul$|^brussels$|^madrid$|^zurich$|^praha$|^frankfurt$|^bucharest$|^paris$|^bratislava$|^athens$|^marseille$|^milan$|^basel$|^lyon$|^rotterdam$;FinalNodeRegex:amsterdam;FinalIfaceRegex:FastEthernet0/0;Negate:False;MaxFailures:1;Environment:;,correct,26.0,,,0.0,1.0764083862304688,52,659,1268
reachability,Type:reachability;IngressNodeRegex:^roma$|^warsaw$|^kiev$|^budapest$|^sofia$|^strasbourg$|^barcelona$|^luxembourg$|^vienna$|^geneva$|^istanbul$|^brussels$|^amsterdam$|^madrid$|^zurich$|^praha$|^frankfurt$|^bucharest$|^paris$|^bratislava$|^athens$|^milan$|^marseille$|^basel$|^lyon$|^rotterdam$;FinalNodeRegex:london;FinalIfaceRegex:FastEthernet0/0;Negate:False;MaxFailures:1;Environment:;,correct,26.0,,,0.0,1.0700898170471191,78,659,1242
reachability,Type:reachability;IngressNodeRegex:^roma$|^warsaw$|^kiev$|^budapest$|^sofia$|^london$|^strasbourg$|^barcelona$|^luxembourg$|^vienna$|^geneva$|^istanbul$|^brussels$|^amsterdam$|^madrid$|^zurich$|^frankfurt$|^bucharest$|^paris$|^bratislava$|^athens$|^lyon$|^milan$|^marseille$|^basel$|^rotterdam$;FinalNodeRegex:praha;FinalIfaceRegex:FastEthernet0/0;Negate:False;MaxFailures:1;Environment:;,correct,26.0,,,0.0,0.9199621677398682,104,659,1216
reachability,Type:reachability;IngressNodeRegex:^roma$|^warsaw$|^kiev$|^budapest$|^sofia$|^london$|^strasbourg$|^barcelona$|^luxembourg$|^vienna$|^geneva$|^istanbul$|^brussels$|^amsterdam$|^madrid$|^praha$|^zurich$|^frankfurt$|^bucharest$|^paris$|^bratislava$|^athens$|^marseille$|^basel$|^lyon$|^rotterdam$;FinalNodeRegex:milan;FinalIfaceRegex:FastEthernet0/0;Negate:False;MaxFailures:1;Environment:;,correct,26.0,,,0.0,1.1409220695495605,130,659,1190
reachability,Type:reachability;IngressNodeRegex:^roma$|^warsaw$|^kiev$|^budapest$|^london$|^strasbourg$|^barcelona$|^luxembourg$|^vienna$|^geneva$|^istanbul$|^brussels$|^amsterdam$|^madrid$|^zurich$|^praha$|^frankfurt$|^bucharest$|^paris$|^bratislava$|^athens$|^lyon$|^milan$|^marseille$|^basel$|^rotterdam$;FinalNodeRegex:sofia;FinalIfaceRegex:FastEthernet0/0;Negate:False;MaxFailures:1;Environment:;,correct,26.0,,,0.0,1.0605864524841309,156,659,1164
reachability,Type:reachability;IngressNodeRegex:^roma$|^warsaw$|^kiev$|^budapest$|^sofia$|^london$|^strasbourg$|^barcelona$|^luxembourg$|^vienna$|^geneva$|^istanbul$|^brussels$|^amsterdam$|^praha$|^zurich$|^frankfurt$|^bucharest$|^paris$|^bratislava$|^athens$|^lyon$|^milan$|^marseille$|^basel$|^rotterdam$;FinalNodeRegex:madrid;FinalIfaceRegex:FastEthernet0/0;Negate:False;MaxFailures:1;Environment:;,correct,26.0,,,0.0,1.0854465961456299,182,659,1138
reachability,Type:reachability;IngressNodeRegex:^roma$|^warsaw$|^kiev$|^budapest$|^sofia$|^london$|^strasbourg$|^barcelona$|^luxembourg$|^vienna$|^geneva$|^istanbul$|^brussels$|^amsterdam$|^madrid$|^praha$|^frankfurt$|^bucharest$|^paris$|^bratislava$|^athens$|^lyon$|^milan$|^marseille$|^basel$|^rotterdam$;FinalNodeRegex:zurich;FinalIfaceRegex:FastEthernet0/0;Negate:False;MaxFailures:1;Environment:;,correct,26.0,,,0.0,1.5966060161590576,208,659,1112
reachability,Type:reachability;IngressNodeRegex:^roma$|^warsaw$|^kiev$|^budapest$|^sofia$|^london$|^strasbourg$|^barcelona$|^luxembourg$|^vienna$|^geneva$|^istanbul$|^brussels$|^amsterdam$|^madrid$|^praha$|^zurich$|^frankfurt$|^paris$|^bratislava$|^athens$|^lyon$|^milan$|^marseille$|^basel$|^rotterdam$;FinalNodeRegex:bucharest;FinalIfaceRegex:FastEthernet0/0;Negate:False;MaxFailures:1;Environment:;,correct,26.0,,,0.0,1.1628930568695068,234,659,1086
reachability,Type:reachability;IngressNodeRegex:^roma$|^warsaw$|^kiev$|^budapest$|^sofia$|^london$|^strasbourg$|^barcelona$|^luxembourg$|^vienna$|^geneva$|^istanbul$|^brussels$|^amsterdam$|^madrid$|^zurich$|^praha$|^bucharest$|^paris$|^bratislava$|^athens$|^lyon$|^marseille$|^milan$|^basel$|^rotterdam$;FinalNodeRegex:frankfurt;FinalIfaceRegex:FastEthernet0/0;Negate:False;MaxFailures:1;Environment:;,correct,26.0,,,0.0,1.586700677871704,260,659,1060
reachability,Type:reachability;IngressNodeRegex:^roma$|^warsaw$|^kiev$|^budapest$|^sofia$|^london$|^strasbourg$|^barcelona$|^luxembourg$|^vienna$|^geneva$|^istanbul$|^brussels$|^amsterdam$|^madrid$|^praha$|^zurich$|^frankfurt$|^bucharest$|^paris$|^bratislava$|^athens$|^milan$|^basel$|^lyon$|^rotterdam$;FinalNodeRegex:marseille;FinalIfaceRegex:FastEthernet0/0;Negate:False;MaxFailures:1;Environment:;,correct,26.0,,,0.0,1.1282577514648438,286,659,1034
reachability,Type:reachability;IngressNodeRegex:^warsaw$|^kiev$|^budapest$|^sofia$|^london$|^strasbourg$|^barcelona$|^luxembourg$|^vienna$|^geneva$|^istanbul$|^brussels$|^amsterdam$|^madrid$|^praha$|^zurich$|^frankfurt$|^bucharest$|^paris$|^bratislava$|^athens$|^milan$|^marseille$|^basel$|^lyon$|^rotterdam$;FinalNodeRegex:roma;FinalIfaceRegex:FastEthernet0/0;Negate:False;MaxFailures:1;Environment:;,correct,26.0,,,0.0,0.9851160049438477,312,659,1008
reachability,Type:reachability;IngressNodeRegex:^roma$|^warsaw$|^kiev$|^budapest$|^sofia$|^london$|^strasbourg$|^luxembourg$|^vienna$|^geneva$|^istanbul$|^brussels$|^amsterdam$|^madrid$|^praha$|^zurich$|^frankfurt$|^bucharest$|^paris$|^bratislava$|^athens$|^lyon$|^milan$|^marseille$|^basel$|^rotterdam$;FinalNodeRegex:barcelona;FinalIfaceRegex:FastEthernet0/0;Negate:False;MaxFailures:1;Environment:;,correct,26.0,,,0.0,0.9793715476989746,338,659,982
reachability,Type:reachability;IngressNodeRegex:^roma$|^warsaw$|^kiev$|^sofia$|^london$|^strasbourg$|^barcelona$|^luxembourg$|^vienna$|^geneva$|^istanbul$|^brussels$|^amsterdam$|^madrid$|^zurich$|^praha$|^frankfurt$|^bucharest$|^paris$|^bratislava$|^athens$|^lyon$|^milan$|^marseille$|^basel$|^rotterdam$;FinalNodeRegex:budapest;FinalIfaceRegex:FastEthernet0/0;Negate:False;MaxFailures:1;Environment:;,correct,26.0,,,0.0,1.0804429054260254,364,659,956
reachability,Type:reachability;IngressNodeRegex:^roma$|^warsaw$|^kiev$|^budapest$|^sofia$|^london$|^strasbourg$|^barcelona$|^luxembourg$|^vienna$|^geneva$|^istanbul$|^amsterdam$|^madrid$|^zurich$|^praha$|^frankfurt$|^bucharest$|^paris$|^bratislava$|^athens$|^milan$|^marseille$|^basel$|^lyon$|^rotterdam$;FinalNodeRegex:brussels;FinalIfaceRegex:FastEthernet0/0;Negate:False;MaxFailures:1;Environment:;,correct,26.0,,,0.0,0.9257392883300781,390,659,930
reachability,Type:reachability;IngressNodeRegex:^roma$|^warsaw$|^kiev$|^budapest$|^sofia$|^london$|^strasbourg$|^barcelona$|^luxembourg$|^vienna$|^geneva$|^istanbul$|^brussels$|^amsterdam$|^madrid$|^praha$|^zurich$|^frankfurt$|^bucharest$|^paris$|^athens$|^lyon$|^milan$|^marseille$|^basel$|^rotterdam$;FinalNodeRegex:bratislava;FinalIfaceRegex:FastEthernet0/0;Negate:False;MaxFailures:1;Environment:;,correct,26.0,,,0.0,0.9430625438690186,416,659,904
reachability,Type:reachability;IngressNodeRegex:^roma$|^warsaw$|^kiev$|^budapest$|^sofia$|^london$|^strasbourg$|^barcelona$|^luxembourg$|^vienna$|^istanbul$|^brussels$|^amsterdam$|^madrid$|^zurich$|^praha$|^frankfurt$|^bucharest$|^paris$|^bratislava$|^athens$|^marseille$|^milan$|^basel$|^lyon$|^rotterdam$;FinalNodeRegex:geneva;FinalIfaceRegex:FastEthernet0/0;Negate:False;MaxFailures:1;Environment:;,correct,26.0,,,0.0,1.4445412158966064,442,659,878
reachability,Type:reachability;IngressNodeRegex:^roma$|^warsaw$|^kiev$|^budapest$|^sofia$|^london$|^barcelona$|^luxembourg$|^vienna$|^geneva$|^istanbul$|^brussels$|^amsterdam$|^madrid$|^zurich$|^praha$|^frankfurt$|^bucharest$|^paris$|^bratislava$|^athens$|^marseille$|^milan$|^basel$|^lyon$|^rotterdam$;FinalNodeRegex:strasbourg;FinalIfaceRegex:FastEthernet0/0;Negate:False;MaxFailures:1;Environment:;,correct,26.0,,,0.0,1.4732813835144043,468,659,852
reachability,Type:reachability;IngressNodeRegex:^roma$|^warsaw$|^kiev$|^budapest$|^sofia$|^london$|^strasbourg$|^barcelona$|^luxembourg$|^vienna$|^geneva$|^istanbul$|^brussels$|^amsterdam$|^madrid$|^zurich$|^praha$|^frankfurt$|^bucharest$|^paris$|^bratislava$|^athens$|^marseille$|^milan$|^basel$|^lyon$;FinalNodeRegex:rotterdam;FinalIfaceRegex:FastEthernet0/0;Negate:False;MaxFailures:1;Environment:;,correct,26.0,,,0.0,1.0414035320281982,494,659,826
reachability,Type:reachability;IngressNodeRegex:^roma$|^warsaw$|^kiev$|^budapest$|^sofia$|^london$|^strasbourg$|^barcelona$|^luxembourg$|^geneva$|^istanbul$|^brussels$|^amsterdam$|^madrid$|^praha$|^zurich$|^frankfurt$|^bucharest$|^paris$|^bratislava$|^athens$|^lyon$|^milan$|^marseille$|^basel$|^rotterdam$;FinalNodeRegex:vienna;FinalIfaceRegex:FastEthernet0/0;Negate:False;MaxFailures:1;Environment:;,correct,26.0,,,0.0,0.9540221691131592,520,659,800
reachability,Type:reachability;IngressNodeRegex:^roma$|^warsaw$|^kiev$|^budapest$|^sofia$|^london$|^strasbourg$|^barcelona$|^vienna$|^geneva$|^istanbul$|^brussels$|^amsterdam$|^madrid$|^zurich$|^praha$|^frankfurt$|^bucharest$|^paris$|^bratislava$|^athens$|^marseille$|^milan$|^basel$|^lyon$|^rotterdam$;FinalNodeRegex:luxembourg;FinalIfaceRegex:FastEthernet0/0;Negate:False;MaxFailures:1;Environment:;,correct,26.0,,,0.0,1.0819408893585205,546,659,774
reachability,Type:reachability;IngressNodeRegex:^roma$|^warsaw$|^kiev$|^budapest$|^sofia$|^london$|^strasbourg$|^barcelona$|^luxembourg$|^vienna$|^geneva$|^istanbul$|^brussels$|^amsterdam$|^madrid$|^praha$|^zurich$|^frankfurt$|^bucharest$|^paris$|^bratislava$|^lyon$|^milan$|^marseille$|^basel$|^rotterdam$;FinalNodeRegex:athens;FinalIfaceRegex:FastEthernet0/0;Negate:False;MaxFailures:1;Environment:;,correct,26.0,,,0.0,1.208221197128296,572,659,748
reachability,Type:reachability;IngressNodeRegex:^roma$|^warsaw$|^kiev$|^budapest$|^sofia$|^london$|^strasbourg$|^barcelona$|^luxembourg$|^vienna$|^geneva$|^istanbul$|^brussels$|^amsterdam$|^madrid$|^praha$|^zurich$|^frankfurt$|^bucharest$|^paris$|^bratislava$|^athens$|^marseille$|^milan$|^lyon$|^rotterdam$;FinalNodeRegex:basel;FinalIfaceRegex:FastEthernet0/0;Negate:False;MaxFailures:1;Environment:;,correct,26.0,,,0.0,1.0036532878875732,598,659,722
reachability,Type:reachability;IngressNodeRegex:^roma$|^warsaw$|^kiev$|^budapest$|^sofia$|^london$|^strasbourg$|^barcelona$|^luxembourg$|^vienna$|^geneva$|^istanbul$|^brussels$|^amsterdam$|^madrid$|^zurich$|^praha$|^frankfurt$|^bucharest$|^bratislava$|^athens$|^milan$|^marseille$|^basel$|^lyon$|^rotterdam$;FinalNodeRegex:paris;FinalIfaceRegex:FastEthernet0/0;Negate:False;MaxFailures:1;Environment:;,correct,26.0,,,0.0,1.062079906463623,624,659,696
reachability,Type:reachability;IngressNodeRegex:^roma$|^warsaw$|^kiev$|^budapest$|^sofia$|^london$|^strasbourg$|^barcelona$|^luxembourg$|^vienna$|^geneva$|^brussels$|^amsterdam$|^madrid$|^praha$|^zurich$|^frankfurt$|^bucharest$|^paris$|^bratislava$|^athens$|^lyon$|^milan$|^marseille$|^basel$|^rotterdam$;FinalNodeRegex:istanbul;FinalIfaceRegex:FastEthernet0/0;Negate:False;MaxFailures:1;Environment:;,correct,26.0,,,0.0,1.0711147785186768,650,659,670
reachability,Type:reachability;IngressNodeRegex:^roma$|^warsaw$|^budapest$|^sofia$|^london$|^strasbourg$|^barcelona$|^luxembourg$|^vienna$|^geneva$|^istanbul$|^brussels$|^amsterdam$|^madrid$|^praha$|^zurich$|^frankfurt$|^bucharest$|^paris$|^bratislava$|^athens$|^lyon$|^milan$|^marseille$|^basel$|^rotterdam$;FinalNodeRegex:kiev;FinalIfaceRegex:FastEthernet0/0;Negate:False;MaxFailures:1;Environment:;,correct,26.0,,,0.0,1.035679817199707,676,659,644
reachability,Type:reachability;IngressNodeRegex:^roma$|^warsaw$|^kiev$|^budapest$|^sofia$|^london$|^strasbourg$|^barcelona$|^luxembourg$|^vienna$|^geneva$|^istanbul$|^brussels$|^amsterdam$|^madrid$|^praha$|^zurich$|^frankfurt$|^bucharest$|^paris$|^bratislava$|^athens$|^milan$|^marseille$|^basel$|^rotterdam$;FinalNodeRegex:lyon;FinalIfaceRegex:FastEthernet0/0;Negate:False;MaxFailures:1;Environment:;,correct,26.0,,,0.0,0.941917896270752,702,659,618
loadbalancing,Type:loadbalancing;IngressNodeRegex:^luxembourg$|^geneva$|^marseille$|^rotterdam$;FinalNodeRegex:warsaw;FinalIfaceRegex:FastEthernet0/0;Negate:False;MaxFailures:1;Environment:;NumPaths:2;,wrong,4.0,['marseille'],"[""('zurich', 'milan')""]",1.0,0.40473294258117676,702,660,617
loadbalancing,Type:loadbalancing;IngressNodeRegex:^luxembourg$|^geneva$|^rotterdam$;FinalNodeRegex:warsaw;FinalIfaceRegex:FastEthernet0/0;Negate:False;MaxFailures:1;Environment:;NumPaths:2;,wrong,3.0,"['luxembourg', 'rotterdam']","[""('brussels', 'frankfurt')""]",2.0,0.46384620666503906,702,662,615
loadbalancing,Type:loadbalancing;IngressNodeRegex:^geneva$;FinalNodeRegex:warsaw;FinalIfaceRegex:FastEthernet0/0;Negate:False;MaxFailures:1;Environment:;NumPaths:2;,wrong,1.0,['geneva'],"[""('geneva', 'zurich')""]",1.0,0.743948221206665,702,663,614
loadbalancing,Type:loadbalancing;IngressNodeRegex:^praha$;FinalNodeRegex:warsaw;FinalIfaceRegex:FastEthernet0/0;Negate:False;MaxFailures:1;Environment:;NumPaths:3;,wrong,1.0,['praha'],"[""('warsaw', 'praha')""]",1.0,0.44475865364074707,702,664,613
loadbalancing,Type:loadbalancing;IngressNodeRegex:^geneva$;FinalNodeRegex:amsterdam;FinalIfaceRegex:FastEthernet0/0;Negate:False;MaxFailures:1;Environment:;NumPaths:2;,wrong,1.0,['geneva'],"[""('zurich', 'frankfurt')""]",1.0,0.44409990310668945,702,665,612
loadbalancing,Type:loadbalancing;IngressNodeRegex:^brussels$;FinalNodeRegex:amsterdam;FinalIfaceRegex:FastEthernet0/0;Negate:False;MaxFailures:1;Environment:;NumPaths:4;,wrong,1.0,['brussels'],"[""('brussels', 'frankfurt')""]",1.0,0.4709131717681885,702,666,611
loadbalancing,Type:loadbalancing;IngressNodeRegex:^luxembourg$;FinalNodeRegex:amsterdam;FinalIfaceRegex:FastEthernet0/0;Negate:False;MaxFailures:1;Environment:;NumPaths:5;,wrong,1.0,['luxembourg'],"[""('zurich', 'frankfurt')""]",1.0,0.4624290466308594,702,667,610
loadbalancing,Type:loadbalancing;IngressNodeRegex:^geneva$;FinalNodeRegex:london;FinalIfaceRegex:FastEthernet0/0;Negate:False;MaxFailures:1;Environment:;NumPaths:6;,wrong,1.0,['geneva'],"[""('amsterdam', 'rotterdam')""]",1.0,0.4010488986968994,702,668,609
loadbalancing,Type:loadbalancing;IngressNodeRegex:^strasbourg$|^vienna$|^basel$|^bratislava$;FinalNodeRegex:london;FinalIfaceRegex:FastEthernet0/0;Negate:False;MaxFailures:1;Environment:;NumPaths:3;,wrong,4.0,"['strasbourg', 'vienna', 'basel', 'bratislava']","[""('strasbourg', 'frankfurt')""]",4.0,0.4463026523590088,702,672,605
loadbalancing,Type:loadbalancing;IngressNodeRegex:^frankfurt$|^budapest$|^bucharest$|^istanbul$|^roma$|^zurich$|^athens$|^sofia$|^kiev$|^rotterdam$|^warsaw$|^praha$;FinalNodeRegex:london;FinalIfaceRegex:FastEthernet0/0;Negate:False;MaxFailures:1;Environment:;NumPaths:2;,wrong,12.0,"['budapest', 'bucharest', 'istanbul', 'roma', 'zurich', 'athens', 'sofia', 'kiev', 'warsaw', 'praha']","[""('istanbul', 'bucharest')""]",10.0,0.48691892623901367,702,682,595
loadbalancing,Type:loadbalancing;IngressNodeRegex:^frankfurt$|^rotterdam$;FinalNodeRegex:london;FinalIfaceRegex:FastEthernet0/0;Negate:False;MaxFailures:1;Environment:;NumPaths:2;,wrong,2.0,['frankfurt'],"[""('brussels', 'frankfurt')""]",1.0,0.6660811901092529,702,683,594
loadbalancing,Type:loadbalancing;IngressNodeRegex:^rotterdam$;FinalNodeRegex:london;FinalIfaceRegex:FastEthernet0/0;Negate:False;MaxFailures:1;Environment:;NumPaths:2;,wrong,1.0,['rotterdam'],"[""('amsterdam', 'rotterdam')""]",1.0,0.4023447036743164,702,684,593
loadbalancing,Type:loadbalancing;IngressNodeRegex:^luxembourg$|^geneva$|^istanbul$|^bucharest$|^rotterdam$|^barcelona$;FinalNodeRegex:praha;FinalIfaceRegex:FastEthernet0/0;Negate:False;MaxFailures:1;Environment:;NumPaths:2;,wrong,6.0,"['geneva', 'istanbul']","[""('geneva', 'zurich')""]",2.0,0.49315643310546875,702,686,591
loadbalancing,Type:loadbalancing;IngressNodeRegex:^luxembourg$|^bucharest$|^rotterdam$|^barcelona$;FinalNodeRegex:praha;FinalIfaceRegex:FastEthernet0/0;Negate:False;MaxFailures:1;Environment:;NumPaths:2;,wrong,4.0,['bucharest'],"[""('budapest', 'bratislava')""]",1.0,0.4503355026245117,702,687,590
loadbalancing,Type:loadbalancing;IngressNodeRegex:^luxembourg$|^rotterdam$|^barcelona$;FinalNodeRegex:praha;FinalIfaceRegex:FastEthernet0/0;Negate:False;MaxFailures:1;Environment:;NumPaths:2;,wrong,3.0,['barcelona'],"[""('praha', 'frankfurt')""]",1.0,0.44291210174560547,702,688,589
loadbalancing,Type:loadbalancing;IngressNodeRegex:^luxembourg$|^rotterdam$;FinalNodeRegex:praha;FinalIfaceRegex:FastEthernet0/0;Negate:False;MaxFailures:1;Environment:;NumPaths:2;,wrong,2.0,['luxembourg'],"[""('luxembourg', 'brussels')""]",1.0,0.9327089786529541,702,689,588
loadbalancing,Type:loadbalancing;IngressNodeRegex:^rotterdam$;FinalNodeRegex:praha;FinalIfaceRegex:FastEthernet0/0;Negate:False;MaxFailures:1;Environment:;NumPaths:2;,wrong,1.0,['rotterdam'],"[""('brussels', 'frankfurt')""]",1.0,0.4129922389984131,702,690,587
loadbalancing,Type:loadbalancing;IngressNodeRegex:^luxembourg$|^london$|^basel$|^rotterdam$;FinalNodeRegex:milan;FinalIfaceRegex:FastEthernet0/0;Negate:False;MaxFailures:1;Environment:;NumPaths:2;,wrong,4.0,"['london', 'basel']","[""('vienna', 'frankfurt')""]",2.0,0.6240749359130859,702,692,585
loadbalancing,Type:loadbalancing;IngressNodeRegex:^luxembourg$|^rotterdam$;FinalNodeRegex:milan;FinalIfaceRegex:FastEthernet0/0;Negate:False;MaxFailures:1;Environment:;NumPaths:2;,wrong,2.0,['luxembourg'],"[""('strasbourg', 'luxembourg')""]",1.0,0.6885986328125,702,693,584
loadbalancing,Type:loadbalancing;IngressNodeRegex:^rotterdam$;FinalNodeRegex:milan;FinalIfaceRegex:FastEthernet0/0;Negate:False;MaxFailures:1;Environment:;NumPaths:2;,wrong,1.0,['rotterdam'],"[""('brussels', 'rotterdam')""]",1.0,0.4381825923919678,702,694,583
loadbalancing,Type:loadbalancing;IngressNodeRegex:^luxembourg$|^rotterdam$;FinalNodeRegex:sofia;FinalIfaceRegex:FastEthernet0/0;Negate:False;MaxFailures:1;Environment:;NumPaths:4;,wrong,2.0,"['luxembourg', 'rotterdam']","[""('brussels', 'paris')""]",2.0,0.42143845558166504,702,696,581
loadbalancing,Type:loadbalancing;IngressNodeRegex:^frankfurt$|^brussels$|^paris$|^warsaw$|^strasbourg$|^amsterdam$|^london$|^basel$;FinalNodeRegex:sofia;FinalIfaceRegex:FastEthernet0/0;Negate:False;MaxFailures:1;Environment:;NumPaths:2;,wrong,8.0,"['brussels', 'paris', 'strasbourg', 'amsterdam', 'london', 'basel']","[""('geneva', 'zurich')""]",6.0,0.4263167381286621,702,702,575
loadbalancing,Type:loadbalancing;IngressNodeRegex:^frankfurt$|^warsaw$;FinalNodeRegex:sofia;FinalIfaceRegex:FastEthernet0/0;Negate:False;MaxFailures:1;Environment:;NumPaths:2;,wrong,2.0,"['frankfurt', 'warsaw']","[""('budapest', 'bratislava')""]",2.0,0.5610485076904297,702,704,573
loadbalancing,Type:loadbalancing;IngressNodeRegex:^zurich$|^madrid$;FinalNodeRegex:sofia;FinalIfaceRegex:FastEthernet0/0;Negate:False;MaxFailures:1;Environment:;NumPaths:3;,wrong,2.0,"['zurich', 'madrid']","[""('brussels', 'paris')""]",2.0,0.4496011734008789,702,706,571
loadbalancing,Type:loadbalancing;IngressNodeRegex:^geneva$;FinalNodeRegex:sofia;FinalIfaceRegex:FastEthernet0/0;Negate:False;MaxFailures:1;Environment:;NumPaths:5;,wrong,1.0,['geneva'],"[""('praha', 'bratislava')""]",1.0,0.4219481945037842,702,707,570
loadbalancing,Type:loadbalancing;IngressNodeRegex:^amsterdam$|^athens$|^zurich$|^basel$|^strasbourg$;FinalNodeRegex:madrid;FinalIfaceRegex:FastEthernet0/0;Negate:False;MaxFailures:1;Environment:;NumPaths:2;,wrong,5.0,"['athens', 'basel']","[""('warsaw', 'kiev')""]",2.0,0.41408562660217285,702,709,568
loadbalancing,Type:loadbalancing;IngressNodeRegex:^amsterdam$|^zurich$|^strasbourg$;FinalNodeRegex:madrid;FinalIfaceRegex:FastEthernet0/0;Negate:False;MaxFailures:1;Environment:;NumPaths:2;,wrong,3.0,['strasbourg'],"[""('strasbourg', 'frankfurt')""]",1.0,0.5105195045471191,702,710,567
loadbalancing,Type:loadbalancing;IngressNodeRegex:^amsterdam$|^zurich$;FinalNodeRegex:madrid;FinalIfaceRegex:FastEthernet0/0;Negate:False;MaxFailures:1;Environment:;NumPaths:2;,wrong,2.0,['zurich'],"[""('barcelona', 'madrid')""]",1.0,0.29244470596313477,702,711,566
loadbalancing,Type:loadbalancing;IngressNodeRegex:^amsterdam$;FinalNodeRegex:madrid;FinalIfaceRegex:FastEthernet0/0;Negate:False;MaxFailures:1;Environment:;NumPaths:2;,wrong,1.0,['amsterdam'],"[""('madrid', 'paris')""]",1.0,0.47994518280029297,702,712,565
loadbalancing,Type:loadbalancing;IngressNodeRegex:^luxembourg$|^athens$|^rotterdam$;FinalNodeRegex:zurich;FinalIfaceRegex:FastEthernet0/0;Negate:False;MaxFailures:1;Environment:;NumPaths:2;,wrong,3.0,['athens'],"[""('warsaw', 'frankfurt')""]",1.0,0.38275647163391113,702,713,564
loadbalancing,Type:loadbalancing;IngressNodeRegex:^luxembourg$|^rotterdam$;FinalNodeRegex:zurich;FinalIfaceRegex:FastEthernet0/0;Negate:False;MaxFailures:1;Environment:;NumPaths:2;,wrong,2.0,['rotterdam'],"[""('amsterdam', 'frankfurt')""]",1.0,0.5112700462341309,702,714,563
loadbalancing,Type:loadbalancing;IngressNodeRegex:^luxembourg$;FinalNodeRegex:zurich;FinalIfaceRegex:FastEthernet0/0;Negate:False;MaxFailures:1;Environment:;NumPaths:2;,wrong,1.0,['luxembourg'],"[""('strasbourg', 'frankfurt')""]",1.0,0.6200401782989502,702,715,562
loadbalancing,Type:loadbalancing;IngressNodeRegex:^madrid$;FinalNodeRegex:zurich;FinalIfaceRegex:FastEthernet0/0;Negate:False;MaxFailures:1;Environment:;NumPaths:4;,wrong,1.0,['madrid'],"[""('geneva', 'paris')""]",1.0,0.5297653675079346,702,716,561
loadbalancing,Type:loadbalancing;IngressNodeRegex:^paris$;FinalNodeRegex:zurich;FinalIfaceRegex:FastEthernet0/0;Negate:False;MaxFailures:1;Environment:;NumPaths:3;,wrong,1.0,['paris'],"[""('paris', 'lyon')""]",1.0,0.5073673725128174,702,717,560
loadbalancing,Type:loadbalancing;IngressNodeRegex:^luxembourg$|^geneva$|^rotterdam$|^roma$|^lyon$;FinalNodeRegex:bucharest;FinalIfaceRegex:FastEthernet0/0;Negate:False;MaxFailures:1;Environment:;NumPaths:2;,wrong,5.0,"['roma', 'lyon']","[""('budapest', 'bucharest')""]",2.0,0.41023993492126465,702,719,558
loadbalancing,Type:loadbalancing;IngressNodeRegex:^luxembourg$|^geneva$|^rotterdam$;FinalNodeRegex:bucharest;FinalIfaceRegex:FastEthernet0/0;Negate:False;MaxFailures:1;Environment:;NumPaths:2;,wrong,3.0,['geneva'],"[""('zurich', 'frankfurt')""]",1.0,0.36647582054138184,702,720,557
loadbalancing,Type:loadbalancing;IngressNodeRegex:^luxembourg$|^rotterdam$;FinalNodeRegex:bucharest;FinalIfaceRegex:FastEthernet0/0;Negate:False;MaxFailures:1;Environment:;NumPaths:2;,wrong,2.0,['luxembourg'],"[""('strasbourg', 'luxembourg')""]",1.0,0.490217924118042,702,721,556
loadbalancing,Type:loadbalancing;IngressNodeRegex:^rotterdam$;FinalNodeRegex:bucharest;FinalIfaceRegex:FastEthernet0/0;Negate:False;MaxFailures:1;Environment:;NumPaths:2;,wrong,1.0,['rotterdam'],"[""('amsterdam', 'rotterdam')""]",1.0,0.5938284397125244,702,722,555
loadbalancing,Type:loadbalancing;IngressNodeRegex:^luxembourg$|^geneva$|^marseille$|^rotterdam$;FinalNodeRegex:frankfurt;FinalIfaceRegex:FastEthernet0/0;Negate:False;MaxFailures:1;Environment:;NumPaths:2;,wrong,4.0,"['geneva', 'marseille']","[""('zurich', 'frankfurt')""]",2.0,0.49703025817871094,702,724,553
loadbalancing,Type:loadbalancing;IngressNodeRegex:^luxembourg$|^rotterdam$;FinalNodeRegex:frankfurt;FinalIfaceRegex:FastEthernet0/0;Negate:False;MaxFailures:1;Environment:;NumPaths:2;,wrong,2.0,"['luxembourg', 'rotterdam']","[""('brussels', 'frankfurt')""]",2.0,0.5072276592254639,702,726,551
loadbalancing,Type:loadbalancing;IngressNodeRegex:^amsterdam$;FinalNodeRegex:marseille;FinalIfaceRegex:FastEthernet0/0;Negate:False;MaxFailures:1;Environment:;NumPaths:3;,wrong,1.0,['amsterdam'],"[""('marseille', 'milan')""]",1.0,0.43509793281555176,702,727,550
loadbalancing,Type:loadbalancing;IngressNodeRegex:^basel$;FinalNodeRegex:marseille;FinalIfaceRegex:FastEthernet0/0;Negate:False;MaxFailures:1;Environment:;NumPaths:2;,wrong,1.0,['basel'],"[""('marseille', 'milan')""]",1.0,0.43569374084472656,702,728,549
loadbalancing,Type:loadbalancing;IngressNodeRegex:^luxembourg$|^lyon$|^istanbul$|^bucharest$|^rotterdam$;FinalNodeRegex:roma;FinalIfaceRegex:FastEthernet0/0;Negate:False;MaxFailures:1;Environment:;NumPaths:2;,wrong,5.0,"['lyon', 'istanbul', 'bucharest']","[""('roma', 'zurich')""]",3.0,0.44096875190734863,702,731,546
loadbalancing,Type:loadbalancing;IngressNodeRegex:^luxembourg$|^rotterdam$;FinalNodeRegex:roma;FinalIfaceRegex:FastEthernet0/0;Negate:False;MaxFailures:1;Environment:;NumPaths:2;,wrong,2.0,['rotterdam'],"[""('amsterdam', 'rotterdam')""]",1.0,0.6126697063446045,702,732,545
loadbalancing,Type:loadbalancing;IngressNodeRegex:^luxembourg$;FinalNodeRegex:roma;FinalIfaceRegex:FastEthernet0/0;Negate:False;MaxFailures:1;Environment:;NumPaths:2;,wrong,1.0,['luxembourg'],"[""('brussels', 'frankfurt')""]",1.0,0.47249746322631836,702,733,544
loadbalancing,Type:loadbalancing;IngressNodeRegex:^paris$;FinalNodeRegex:roma;FinalIfaceRegex:FastEthernet0/0;Negate:False;MaxFailures:1;Environment:;NumPaths:4;,wrong,1.0,['paris'],"[""('madrid', 'paris')""]",1.0,0.45029616355895996,702,734,543
loadbalancing,Type:loadbalancing;IngressNodeRegex:^amsterdam$|^warsaw$|^frankfurt$|^kiev$;FinalNodeRegex:barcelona;FinalIfaceRegex:FastEthernet0/0;Negate:False;MaxFailures:1;Environment:;NumPaths:2;,wrong,4.0,"['amsterdam', 'warsaw', 'kiev']","[""('brussels', 'amsterdam')""]",3.0,0.5645456314086914,702,737,540
loadbalancing,Type:loadbalancing;IngressNodeRegex:^basel$;FinalNodeRegex:barcelona;FinalIfaceRegex:FastEthernet0/0;Negate:False;MaxFailures:1;Environment:;NumPaths:4;,wrong,1.0,['basel'],"[""('zurich', 'frankfurt')""]",1.0,0.374159574508667,702,738,539
loadbalancing,Type:loadbalancing;IngressNodeRegex:^strasbourg$;FinalNodeRegex:barcelona;FinalIfaceRegex:FastEthernet0/0;Negate:False;MaxFailures:1;Environment:;NumPaths:3;,wrong,1.0,['strasbourg'],"[""('zurich', 'frankfurt')""]",1.0,0.3877694606781006,702,739,538
loadbalancing,Type:loadbalancing;IngressNodeRegex:^frankfurt$;FinalNodeRegex:barcelona;FinalIfaceRegex:FastEthernet0/0;Negate:False;MaxFailures:1;Environment:;NumPaths:2;,wrong,1.0,['frankfurt'],"[""('barcelona', 'marseille')""]",1.0,0.4852321147918701,702,740,537
loadbalancing,Type:loadbalancing;IngressNodeRegex:^luxembourg$|^rotterdam$;FinalNodeRegex:budapest;FinalIfaceRegex:FastEthernet0/0;Negate:False;MaxFailures:1;Environment:;NumPaths:4;,wrong,2.0,"['luxembourg', 'rotterdam']","[""('geneva', 'zurich')""]",2.0,0.6105318069458008,702,742,535
loadbalancing,Type:loadbalancing;IngressNodeRegex:^frankfurt$|^brussels$|^paris$|^warsaw$|^strasbourg$|^amsterdam$|^london$|^basel$;FinalNodeRegex:budapest;FinalIfaceRegex:FastEthernet0/0;Negate:False;MaxFailures:1;Environment:;NumPaths:2;,wrong,8.0,"['brussels', 'paris', 'strasbourg', 'amsterdam', 'london', 'basel']","[""('geneva', 'paris')""]",6.0,0.4143993854522705,702,748,529
loadbalancing,Type:loadbalancing;IngressNodeRegex:^frankfurt$|^warsaw$;FinalNodeRegex:budapest;FinalIfaceRegex:FastEthernet0/0;Negate:False;MaxFailures:1;Environment:;NumPaths:2;,wrong,2.0,['warsaw'],"[""('budapest', 'bucharest')""]",1.0,0.6121292114257812,702,749,528
loadbalancing,Type:loadbalancing;IngressNodeRegex:^frankfurt$;FinalNodeRegex:budapest;FinalIfaceRegex:FastEthernet0/0;Negate:False;MaxFailures:1;Environment:;NumPaths:2;,wrong,1.0,['frankfurt'],"[""('praha', 'bratislava')""]",1.0,0.5177590847015381,702,750,527
loadbalancing,Type:loadbalancing;IngressNodeRegex:^zurich$|^madrid$;FinalNodeRegex:budapest;FinalIfaceRegex:FastEthernet0/0;Negate:False;MaxFailures:1;Environment:;NumPaths:3;,wrong,2.0,"['zurich', 'madrid']","[""('geneva', 'zurich')""]",2.0,0.5562553405761719,702,752,525
loadbalancing,Type:loadbalancing;IngressNodeRegex:^geneva$;FinalNodeRegex:budapest;FinalIfaceRegex:FastEthernet0/0;Negate:False;MaxFailures:1;Environment:;NumPaths:5;,wrong,1.0,['geneva'],"[""('paris', 'lyon')""]",1.0,0.5153670310974121,702,753,524
loadbalancing,Type:loadbalancing;IngressNodeRegex:^milan$|^basel$|^strasbourg$;FinalNodeRegex:brussels;FinalIfaceRegex:FastEthernet0/0;Negate:False;MaxFailures:1;Environment:;NumPaths:2;,wrong,3.0,['basel'],"[""('budapest', 'sofia')""]",1.0,0.3581364154815674,702,754,523
loadbalancing,Type:loadbalancing;IngressNodeRegex:^milan$|^strasbourg$;FinalNodeRegex:brussels;FinalIfaceRegex:FastEthernet0/0;Negate:False;MaxFailures:1;Environment:;NumPaths:2;,wrong,2.0,['milan'],"[""('marseille', 'milan')""]",1.0,0.5920212268829346,702,755,522
loadbalancing,Type:loadbalancing;IngressNodeRegex:^london$|^geneva$;FinalNodeRegex:brussels;FinalIfaceRegex:FastEthernet0/0;Negate:False;MaxFailures:1;Environment:;NumPaths:3;,wrong,2.0,['geneva'],"[""('warsaw', 'kiev')""]",1.0,0.546196699142456,702,756,521
loadbalancing,Type:loadbalancing;IngressNodeRegex:^london$;FinalNodeRegex:brussels;FinalIfaceRegex:FastEthernet0/0;Negate:False;MaxFailures:1;Environment:;NumPaths:3;,wrong,1.0,['london'],"[""('brussels', 'paris')""]",1.0,0.5235028266906738,702,757,520
loadbalancing,Type:loadbalancing;IngressNodeRegex:^strasbourg$;FinalNodeRegex:brussels;FinalIfaceRegex:FastEthernet0/0;Negate:False;MaxFailures:1;Environment:;NumPaths:2;,wrong,1.0,['strasbourg'],"[""('brussels', 'frankfurt')""]",1.0,0.619769811630249,702,758,519
loadbalancing,Type:loadbalancing;IngressNodeRegex:^luxembourg$|^rotterdam$;FinalNodeRegex:bratislava;FinalIfaceRegex:FastEthernet0/0;Negate:False;MaxFailures:1;Environment:;NumPaths:4;,wrong,2.0,"['luxembourg', 'rotterdam']","[""('brussels', 'frankfurt')""]",2.0,0.5654540061950684,702,760,517
loadbalancing,Type:loadbalancing;IngressNodeRegex:^frankfurt$|^brussels$|^paris$|^strasbourg$|^amsterdam$|^kiev$|^london$|^basel$;FinalNodeRegex:bratislava;FinalIfaceRegex:FastEthernet0/0;Negate:False;MaxFailures:1;Environment:;NumPaths:2;,wrong,8.0,"['brussels', 'paris', 'strasbourg', 'amsterdam', 'london', 'basel']","[""('budapest', 'sofia')""]",6.0,0.48043274879455566,702,766,511
loadbalancing,Type:loadbalancing;IngressNodeRegex:^frankfurt$|^kiev$;FinalNodeRegex:bratislava;FinalIfaceRegex:FastEthernet0/0;Negate:False;MaxFailures:1;Environment:;NumPaths:2;,wrong,2.0,['frankfurt'],"[""('vienna', 'frankfurt')""]",1.0,0.5521500110626221,702,767,510
loadbalancing,Type:loadbalancing;IngressNodeRegex:^zurich$|^madrid$;FinalNodeRegex:bratislava;FinalIfaceRegex:FastEthernet0/0;Negate:False;MaxFailures:1;Environment:;NumPaths:3;,wrong,2.0,"['zurich', 'madrid']","[""('vienna', 'milan')""]",2.0,0.34766387939453125,702,769,508
loadbalancing,Type:loadbalancing;IngressNodeRegex:^kiev$;FinalNodeRegex:bratislava;FinalIfaceRegex:FastEthernet0/0;Negate:False;MaxFailures:1;Environment:;NumPaths:2;,wrong,1.0,['kiev'],"[""('budapest', 'bucharest')""]",1.0,0.4722411632537842,702,770,507
loadbalancing,Type:loadbalancing;IngressNodeRegex:^geneva$;FinalNodeRegex:bratislava;FinalIfaceRegex:FastEthernet0/0;Negate:False;MaxFailures:1;Environment:;NumPaths:5;,wrong,1.0,['geneva'],"[""('brussels', 'paris')""]",1.0,0.3936762809753418,702,771,506
loadbalancing,Type:loadbalancing;IngressNodeRegex:^brussels$;FinalNodeRegex:geneva;FinalIfaceRegex:FastEthernet0/0;Negate:False;MaxFailures:1;Environment:;NumPaths:3;,wrong,1.0,['brussels'],"[""('strasbourg', 'frankfurt')""]",1.0,0.5446822643280029,702,772,505
loadbalancing,Type:loadbalancing;IngressNodeRegex:^luxembourg$;FinalNodeRegex:geneva;FinalIfaceRegex:FastEthernet0/0;Negate:False;MaxFailures:1;Environment:;NumPaths:5;,wrong,1.0,['luxembourg'],"[""('strasbourg', 'frankfurt')""]",1.0,0.4937734603881836,702,773,504
loadbalancing,Type:loadbalancing;IngressNodeRegex:^strasbourg$|^paris$|^athens$|^london$|^madrid$;FinalNodeRegex:geneva;FinalIfaceRegex:FastEthernet0/0;Negate:False;MaxFailures:1;Environment:;NumPaths:2;,wrong,5.0,"['strasbourg', 'athens', 'london', 'madrid']","[""('geneva', 'zurich')""]",4.0,0.36790013313293457,702,777,500
loadbalancing,Type:loadbalancing;IngressNodeRegex:^paris$;FinalNodeRegex:geneva;FinalIfaceRegex:FastEthernet0/0;Negate:False;MaxFailures:1;Environment:;NumPaths:2;,wrong,1.0,['paris'],"[""('geneva', 'lyon')""]",1.0,0.6977674961090088,702,778,499
loadbalancing,Type:loadbalancing;IngressNodeRegex:^rotterdam$;FinalNodeRegex:geneva;FinalIfaceRegex:FastEthernet0/0;Negate:False;MaxFailures:1;Environment:;NumPaths:4;,wrong,1.0,['rotterdam'],"[""('strasbourg', 'frankfurt')""]",1.0,0.5202269554138184,702,779,498
loadbalancing,Type:loadbalancing;IngressNodeRegex:^rotterdam$|^barcelona$;FinalNodeRegex:strasbourg;FinalIfaceRegex:FastEthernet0/0;Negate:False;MaxFailures:1;Environment:;NumPaths:3;,wrong,2.0,"['rotterdam', 'barcelona']","[""('brussels', 'paris')""]",2.0,0.38848233222961426,702,781,496
loadbalancing,Type:loadbalancing;IngressNodeRegex:^paris$|^brussels$|^zurich$|^roma$|^madrid$|^milan$;FinalNodeRegex:strasbourg;FinalIfaceRegex:FastEthernet0/0;Negate:False;MaxFailures:1;Environment:;NumPaths:2;,wrong,6.0,"['paris', 'roma', 'madrid', 'milan']","[""('paris', 'lyon')""]",4.0,0.4400813579559326,702,785,492
loadbalancing,Type:loadbalancing;IngressNodeRegex:^brussels$|^zurich$;FinalNodeRegex:strasbourg;FinalIfaceRegex:FastEthernet0/0;Negate:False;MaxFailures:1;Environment:;NumPaths:2;,wrong,2.0,"['brussels', 'zurich']","[""('strasbourg', 'frankfurt')""]",2.0,0.3483920097351074,702,787,490
loadbalancing,Type:loadbalancing;IngressNodeRegex:^vienna$|^frankfurt$|^budapest$|^bucharest$|^istanbul$|^roma$|^zurich$|^athens$|^sofia$|^kiev$|^warsaw$|^praha$|^bratislava$;FinalNodeRegex:rotterdam;FinalIfaceRegex:FastEthernet0/0;Negate:False;MaxFailures:1;Environment:;NumPaths:2;,wrong,13.0,"['vienna', 'budapest', 'bucharest', 'istanbul', 'roma', 'zurich', 'athens', 'sofia', 'kiev', 'warsaw', 'praha', 'bratislava']","[""('vienna', 'milan')""]",12.0,0.4847695827484131,702,799,478
loadbalancing,Type:loadbalancing;IngressNodeRegex:^frankfurt$;FinalNodeRegex:rotterdam;FinalIfaceRegex:FastEthernet0/0;Negate:False;MaxFailures:1;Environment:;NumPaths:2;,wrong,1.0,['frankfurt'],"[""('brussels', 'rotterdam')""]",1.0,0.5202951431274414,702,800,477
loadbalancing,Type:loadbalancing;IngressNodeRegex:^geneva$;FinalNodeRegex:rotterdam;FinalIfaceRegex:FastEthernet0/0;Negate:False;MaxFailures:1;Environment:;NumPaths:5;,wrong,1.0,['geneva'],"[""('strasbourg', 'frankfurt')""]",1.0,0.5010864734649658,702,801,476
loadbalancing,Type:loadbalancing;IngressNodeRegex:^strasbourg$|^basel$|^milan$;FinalNodeRegex:rotterdam;FinalIfaceRegex:FastEthernet0/0;Negate:False;MaxFailures:1;Environment:;NumPaths:3;,wrong,3.0,"['strasbourg', 'basel', 'milan']","[""('zurich', 'frankfurt')""]",3.0,0.477283239364624,702,804,473
loadbalancing,Type:loadbalancing;IngressNodeRegex:^luxembourg$|^madrid$|^rotterdam$|^zurich$;FinalNodeRegex:vienna;FinalIfaceRegex:FastEthernet0/0;Negate:False;MaxFailures:1;Environment:;NumPaths:2;,wrong,4.0,['madrid'],"[""('brussels', 'paris')""]",1.0,0.38170671463012695,702,805,472
loadbalancing,Type:loadbalancing;IngressNodeRegex:^luxembourg$|^rotterdam$|^zurich$;FinalNodeRegex:vienna;FinalIfaceRegex:FastEthernet0/0;Negate:False;MaxFailures:1;Environment:;NumPaths:2;,wrong,3.0,['zurich'],"[""('vienna', 'milan')""]",1.0,0.5539801120758057,702,806,471
loadbalancing,Type:loadbalancing;IngressNodeRegex:^luxembourg$|^rotterdam$;FinalNodeRegex:vienna;FinalIfaceRegex:FastEthernet0/0;Negate:False;MaxFailures:1;Environment:;NumPaths:2;,wrong,2.0,"['luxembourg', 'rotterdam']","[""('brussels', 'frankfurt')""]",2.0,0.6281254291534424,702,808,469
loadbalancing,Type:loadbalancing;IngressNodeRegex:^geneva$;FinalNodeRegex:vienna;FinalIfaceRegex:FastEthernet0/0;Negate:False;MaxFailures:1;Environment:;NumPaths:3;,wrong,1.0,['geneva'],"[""('warsaw', 'frankfurt')""]",1.0,0.4630098342895508,702,809,468
loadbalancing,Type:loadbalancing;IngressNodeRegex:^vienna$|^frankfurt$|^budapest$|^bucharest$|^istanbul$|^athens$|^sofia$|^kiev$|^warsaw$|^praha$|^bratislava$;FinalNodeRegex:luxembourg;FinalIfaceRegex:FastEthernet0/0;Negate:False;MaxFailures:1;Environment:;NumPaths:2;,wrong,11.0,"['vienna', 'budapest', 'bucharest', 'istanbul', 'athens', 'sofia', 'kiev', 'warsaw', 'praha', 'bratislava']","[""('paris', 'lyon')""]",10.0,0.481797456741333,702,819,458
loadbalancing,Type:loadbalancing;IngressNodeRegex:^frankfurt$;FinalNodeRegex:luxembourg;FinalIfaceRegex:FastEthernet0/0;Negate:False;MaxFailures:1;Environment:;NumPaths:2;,wrong,1.0,['frankfurt'],"[""('strasbourg', 'luxembourg')""]",1.0,0.3490729331970215,702,820,457
loadbalancing,Type:loadbalancing;IngressNodeRegex:^roma$|^zurich$|^london$;FinalNodeRegex:luxembourg;FinalIfaceRegex:FastEthernet0/0;Negate:False;MaxFailures:1;Environment:;NumPaths:3;,wrong,3.0,"['roma', 'zurich']","[""('strasbourg', 'luxembourg')""]",2.0,0.394298791885376,702,822,455
loadbalancing,Type:loadbalancing;IngressNodeRegex:^london$;FinalNodeRegex:luxembourg;FinalIfaceRegex:FastEthernet0/0;Negate:False;MaxFailures:1;Environment:;NumPaths:3;,wrong,1.0,['london'],"[""('brussels', 'paris')""]",1.0,0.4895176887512207,702,823,454
loadbalancing,Type:loadbalancing;IngressNodeRegex:^milan$;FinalNodeRegex:luxembourg;FinalIfaceRegex:FastEthernet0/0;Negate:False;MaxFailures:1;Environment:;NumPaths:4;,wrong,1.0,['milan'],"[""('strasbourg', 'luxembourg')""]",1.0,0.37476611137390137,702,824,453
loadbalancing,Type:loadbalancing;IngressNodeRegex:^luxembourg$|^rotterdam$;FinalNodeRegex:athens;FinalIfaceRegex:FastEthernet0/0;Negate:False;MaxFailures:1;Environment:;NumPaths:6;,wrong,2.0,"['luxembourg', 'rotterdam']","[""('geneva', 'zurich')""]",2.0,0.35805225372314453,702,826,451
loadbalancing,Type:loadbalancing;IngressNodeRegex:^frankfurt$|^brussels$|^paris$|^strasbourg$|^amsterdam$|^london$|^basel$;FinalNodeRegex:athens;FinalIfaceRegex:FastEthernet0/0;Negate:False;MaxFailures:1;Environment:;NumPaths:3;,wrong,7.0,"['frankfurt', 'brussels', 'paris', 'strasbourg', 'amsterdam', 'london', 'basel']","[""('sofia', 'athens')""]",7.0,0.42014122009277344,702,833,444
loadbalancing,Type:loadbalancing;IngressNodeRegex:^geneva$;FinalNodeRegex:athens;FinalIfaceRegex:FastEthernet0/0;Negate:False;MaxFailures:1;Environment:;NumPaths:7;,wrong,1.0,['geneva'],"[""('lyon', 'marseille')""]",1.0,0.31428027153015137,702,834,443
loadbalancing,Type:loadbalancing;IngressNodeRegex:^zurich$|^madrid$;FinalNodeRegex:athens;FinalIfaceRegex:FastEthernet0/0;Negate:False;MaxFailures:1;Environment:;NumPaths:4;,wrong,2.0,"['zurich', 'madrid']","[""('geneva', 'zurich')""]",2.0,0.3693516254425049,702,836,441
loadbalancing,Type:loadbalancing;IngressNodeRegex:^athens$;FinalNodeRegex:basel;FinalIfaceRegex:FastEthernet0/0;Negate:False;MaxFailures:1;Environment:;NumPaths:3;,wrong,1.0,['athens'],"[""('geneva', 'basel')""]",1.0,0.41548752784729004,702,837,440
loadbalancing,Type:loadbalancing;IngressNodeRegex:^amsterdam$|^frankfurt$|^paris$|^istanbul$|^bucharest$|^kiev$|^warsaw$|^london$|^madrid$;FinalNodeRegex:basel;FinalIfaceRegex:FastEthernet0/0;Negate:False;MaxFailures:1;Environment:;NumPaths:2;,wrong,9.0,"['amsterdam', 'frankfurt', 'istanbul', 'bucharest', 'kiev', 'warsaw', 'london', 'madrid']","[""('strasbourg', 'basel')""]",8.0,0.3919661045074463,702,845,432
loadbalancing,Type:loadbalancing;IngressNodeRegex:^paris$;FinalNodeRegex:basel;FinalIfaceRegex:FastEthernet0/0;Negate:False;MaxFailures:1;Environment:;NumPaths:2;,wrong,1.0,['paris'],"[""('geneva', 'basel')""]",1.0,0.4358336925506592,702,846,431
loadbalancing,Type:loadbalancing;IngressNodeRegex:^brussels$;FinalNodeRegex:basel;FinalIfaceRegex:FastEthernet0/0;Negate:False;MaxFailures:1;Environment:;NumPaths:5;,wrong,1.0,['brussels'],"[""('geneva', 'basel')""]",1.0,0.3874831199645996,702,847,430
loadbalancing,Type:loadbalancing;IngressNodeRegex:^rotterdam$;FinalNodeRegex:basel;FinalIfaceRegex:FastEthernet0/0;Negate:False;MaxFailures:1;Environment:;NumPaths:7;,wrong,1.0,['rotterdam'],"[""('geneva', 'basel')""]",1.0,0.41863083839416504,702,848,429
loadbalancing,Type:loadbalancing;IngressNodeRegex:^amsterdam$|^budapest$|^sofia$|^roma$|^basel$|^strasbourg$|^praha$;FinalNodeRegex:paris;FinalIfaceRegex:FastEthernet0/0;Negate:False;MaxFailures:1;Environment:;NumPaths:2;,wrong,7.0,"['sofia', 'basel']","[""('geneva', 'zurich')""]",2.0,0.45690250396728516,702,850,427
loadbalancing,Type:loadbalancing;IngressNodeRegex:^amsterdam$|^budapest$|^roma$|^strasbourg$|^praha$;FinalNodeRegex:paris;FinalIfaceRegex:FastEthernet0/0;Negate:False;MaxFailures:1;Environment:;NumPaths:2;,wrong,5.0,"['budapest', 'roma', 'strasbourg', 'praha']","[""('brussels', 'frankfurt')""]",4.0,0.4843871593475342,702,854,423
loadbalancing,Type:loadbalancing;IngressNodeRegex:^amsterdam$;FinalNodeRegex:paris;FinalIfaceRegex:FastEthernet0/0;Negate:False;MaxFailures:1;Environment:;NumPaths:2;,wrong,1.0,['amsterdam'],"[""('london', 'paris')""]",1.0,0.7985179424285889,702,855,422
loadbalancing,Type:loadbalancing;IngressNodeRegex:^luxembourg$|^geneva$|^rotterdam$|^roma$|^lyon$;FinalNodeRegex:istanbul;FinalIfaceRegex:FastEthernet0/0;Negate:False;MaxFailures:1;Environment:;NumPaths:2;,wrong,5.0,"['roma', 'lyon']","[""('kiev', 'bucharest')""]",2.0,0.4692232608795166,702,857,420
loadbalancing,Type:loadbalancing;IngressNodeRegex:^luxembourg$|^geneva$|^rotterdam$;FinalNodeRegex:istanbul;FinalIfaceRegex:FastEthernet0/0;Negate:False;MaxFailures:1;Environment:;NumPaths:2;,wrong,3.0,"['luxembourg', 'rotterdam']","[""('brussels', 'frankfurt')""]",2.0,0.5853056907653809,702,859,418
loadbalancing,Type:loadbalancing;IngressNodeRegex:^geneva$;FinalNodeRegex:istanbul;FinalIfaceRegex:FastEthernet0/0;Negate:False;MaxFailures:1;Environment:;NumPaths:2;,wrong,1.0,['geneva'],"[""('geneva', 'basel')""]",1.0,0.6428875923156738,702,860,417
loadbalancing,Type:loadbalancing;IngressNodeRegex:^luxembourg$|^geneva$|^milan$|^rotterdam$;FinalNodeRegex:kiev;FinalIfaceRegex:FastEthernet0/0;Negate:False;MaxFailures:1;Environment:;NumPaths:2;,wrong,4.0,['milan'],"[""('warsaw', 'kiev')""]",1.0,0.42746496200561523,702,861,416
loadbalancing,Type:loadbalancing;IngressNodeRegex:^luxembourg$|^geneva$|^rotterdam$;FinalNodeRegex:kiev;FinalIfaceRegex:FastEthernet0/0;Negate:False;MaxFailures:1;Environment:;NumPaths:2;,wrong,3.0,['geneva'],"[""('geneva', 'zurich')""]",1.0,0.4809746742248535,702,862,415
loadbalancing,Type:loadbalancing;IngressNodeRegex:^luxembourg$|^rotterdam$;FinalNodeRegex:kiev;FinalIfaceRegex:FastEthernet0/0;Negate:False;MaxFailures:1;Environment:;NumPaths:2;,wrong,2.0,['rotterdam'],"[""('brussels', 'rotterdam')""]",1.0,0.6369333267211914,702,863,414
loadbalancing,Type:loadbalancing;IngressNodeRegex:^luxembourg$;FinalNodeRegex:kiev;FinalIfaceRegex:FastEthernet0/0;Negate:False;MaxFailures:1;Environment:;NumPaths:2;,wrong,1.0,['luxembourg'],"[""('brussels', 'frankfurt')""]",1.0,0.6411752700805664,702,864,413
loadbalancing,Type:loadbalancing;IngressNodeRegex:^marseille$;FinalNodeRegex:kiev;FinalIfaceRegex:FastEthernet0/0;Negate:False;MaxFailures:1;Environment:;NumPaths:3;,wrong,1.0,['marseille'],"[""('london', 'amsterdam')""]",1.0,0.4524977207183838,702,865,412
loadbalancing,Type:loadbalancing;IngressNodeRegex:^amsterdam$|^istanbul$|^bucharest$|^basel$|^strasbourg$;FinalNodeRegex:lyon;FinalIfaceRegex:FastEthernet0/0;Negate:False;MaxFailures:1;Environment:;NumPaths:2;,wrong,5.0,"['amsterdam', 'istanbul', 'basel']","[""('london', 'paris')""]",3.0,0.38414669036865234,702,868,409
loadbalancing,Type:loadbalancing;IngressNodeRegex:^geneva$;FinalNodeRegex:lyon;FinalIfaceRegex:FastEthernet0/0;Negate:False;MaxFailures:1;Environment:;NumPaths:3;,wrong,1.0,['geneva'],"[""('zurich', 'milan')""]",1.0,0.4619777202606201,702,869,408
loadbalancing,Type:loadbalancing;IngressNodeRegex:^bucharest$|^strasbourg$;FinalNodeRegex:lyon;FinalIfaceRegex:FastEthernet0/0;Negate:False;MaxFailures:1;Environment:;NumPaths:2;,wrong,2.0,"['bucharest', 'strasbourg']","[""('paris', 'lyon')""]",2.0,0.33327507972717285,702,871,406
waypoint,Type:waypoint;IngressNodeRegex:^madrid$|^barcelona$;FinalNodeRegex:warsaw;FinalIfaceRegex:FastEthernet0/0;Negate:False;MaxFailures:1;Environment:;Waypoints:madrid;,wrong,2.0,['barcelona'],"[""('warsaw', 'frankfurt')""]",1.0,0.5033469200134277,702,872,405
waypoint,Type:waypoint;IngressNodeRegex:^madrid$;FinalNodeRegex:warsaw;FinalIfaceRegex:FastEthernet0/0;Negate:False;MaxFailures:1;Environment:;Waypoints:madrid;,correct,1.0,,,0.0,0.6905457973480225,703,872,404
waypoint,Type:waypoint;IngressNodeRegex:^basel$;FinalNodeRegex:warsaw;FinalIfaceRegex:FastEthernet0/0;Negate:False;MaxFailures:1;Environment:;Waypoints:basel;,correct,1.0,,,0.0,0.7609853744506836,704,872,403
waypoint,Type:waypoint;IngressNodeRegex:^strasbourg$|^basel$;FinalNodeRegex:warsaw;FinalIfaceRegex:FastEthernet0/0;Negate:False;MaxFailures:1;Environment:;Waypoints:strasbourg;,wrong,2.0,['basel'],"[""('strasbourg', 'frankfurt')""]",1.0,0.46698546409606934,704,873,402
waypoint,Type:waypoint;IngressNodeRegex:^strasbourg$;FinalNodeRegex:warsaw;FinalIfaceRegex:FastEthernet0/0;Negate:False;MaxFailures:1;Environment:;Waypoints:strasbourg;,correct,1.0,,,0.0,0.7447984218597412,705,873,401
waypoint,Type:waypoint;IngressNodeRegex:^barcelona$;FinalNodeRegex:warsaw;FinalIfaceRegex:FastEthernet0/0;Negate:False;MaxFailures:1;Environment:;Waypoints:barcelona;,correct,1.0,,,0.0,0.8542115688323975,706,873,400
waypoint,Type:waypoint;IngressNodeRegex:^vienna$;FinalNodeRegex:warsaw;FinalIfaceRegex:FastEthernet0/0;Negate:False;MaxFailures:1;Environment:;Waypoints:vienna;,correct,1.0,,,0.0,0.6623022556304932,707,873,399
waypoint,Type:waypoint;IngressNodeRegex:^madrid$|^barcelona$;FinalNodeRegex:amsterdam;FinalIfaceRegex:FastEthernet0/0;Negate:False;MaxFailures:1;Environment:;Waypoints:madrid;,wrong,2.0,['barcelona'],"[""('barcelona', 'madrid')""]",1.0,0.5482258796691895,707,874,398
waypoint,Type:waypoint;IngressNodeRegex:^madrid$;FinalNodeRegex:amsterdam;FinalIfaceRegex:FastEthernet0/0;Negate:False;MaxFailures:1;Environment:;Waypoints:madrid;,correct,1.0,,,0.0,0.6949574947357178,708,874,397
waypoint,Type:waypoint;IngressNodeRegex:^basel$;FinalNodeRegex:amsterdam;FinalIfaceRegex:FastEthernet0/0;Negate:False;MaxFailures:1;Environment:;Waypoints:basel;,correct,1.0,,,0.0,0.7435736656188965,709,874,396
waypoint,Type:waypoint;IngressNodeRegex:^strasbourg$|^basel$;FinalNodeRegex:amsterdam;FinalIfaceRegex:FastEthernet0/0;Negate:False;MaxFailures:1;Environment:;Waypoints:strasbourg;,wrong,2.0,['basel'],"[""('strasbourg', 'basel')""]",1.0,0.6624703407287598,709,875,395
waypoint,Type:waypoint;IngressNodeRegex:^strasbourg$;FinalNodeRegex:amsterdam;FinalIfaceRegex:FastEthernet0/0;Negate:False;MaxFailures:1;Environment:;Waypoints:strasbourg;,correct,1.0,,,0.0,0.9303479194641113,710,875,394
waypoint,Type:waypoint;IngressNodeRegex:^barcelona$;FinalNodeRegex:amsterdam;FinalIfaceRegex:FastEthernet0/0;Negate:False;MaxFailures:1;Environment:;Waypoints:barcelona;,correct,1.0,,,0.0,0.7529308795928955,711,875,393
waypoint,Type:waypoint;IngressNodeRegex:^vienna$|^bratislava$;FinalNodeRegex:amsterdam;FinalIfaceRegex:FastEthernet0/0;Negate:False;MaxFailures:1;Environment:;Waypoints:vienna;,wrong,2.0,['bratislava'],"[""('vienna', 'bratislava')""]",1.0,0.419130802154541,711,876,392
waypoint,Type:waypoint;IngressNodeRegex:^vienna$;FinalNodeRegex:amsterdam;FinalIfaceRegex:FastEthernet0/0;Negate:False;MaxFailures:1;Environment:;Waypoints:vienna;,correct,1.0,,,0.0,0.650348424911499,712,876,391
waypoint,Type:waypoint;IngressNodeRegex:^madrid$|^barcelona$;FinalNodeRegex:london;FinalIfaceRegex:FastEthernet0/0;Negate:False;MaxFailures:1;Environment:;Waypoints:madrid;,wrong,2.0,['barcelona'],"[""('barcelona', 'madrid')""]",1.0,0.5412888526916504,712,877,390
waypoint,Type:waypoint;IngressNodeRegex:^madrid$;FinalNodeRegex:london;FinalIfaceRegex:FastEthernet0/0;Negate:False;MaxFailures:1;Environment:;Waypoints:madrid;,correct,1.0,,,0.0,0.7424428462982178,713,877,389
waypoint,Type:waypoint;IngressNodeRegex:^basel$;FinalNodeRegex:london;FinalIfaceRegex:FastEthernet0/0;Negate:False;MaxFailures:1;Environment:;Waypoints:basel;,correct,1.0,,,0.0,0.8150420188903809,714,877,388
waypoint,Type:waypoint;IngressNodeRegex:^strasbourg$|^basel$;FinalNodeRegex:london;FinalIfaceRegex:FastEthernet0/0;Negate:False;MaxFailures:1;Environment:;Waypoints:strasbourg;,wrong,2.0,['basel'],"[""('strasbourg', 'basel')""]",1.0,0.7665245532989502,714,878,387
waypoint,Type:waypoint;IngressNodeRegex:^strasbourg$;FinalNodeRegex:london;FinalIfaceRegex:FastEthernet0/0;Negate:False;MaxFailures:1;Environment:;Waypoints:strasbourg;,correct,1.0,,,0.0,0.884702205657959,715,878,386
waypoint,Type:waypoint;IngressNodeRegex:^barcelona$;FinalNodeRegex:london;FinalIfaceRegex:FastEthernet0/0;Negate:False;MaxFailures:1;Environment:;Waypoints:barcelona;,correct,1.0,,,0.0,0.6931195259094238,716,878,385
waypoint,Type:waypoint;IngressNodeRegex:^vienna$|^bratislava$;FinalNodeRegex:london;FinalIfaceRegex:FastEthernet0/0;Negate:False;MaxFailures:1;Environment:;Waypoints:vienna;,wrong,2.0,['bratislava'],"[""('vienna', 'bratislava')""]",1.0,0.8206930160522461,716,879,384
waypoint,Type:waypoint;IngressNodeRegex:^vienna$;FinalNodeRegex:london;FinalIfaceRegex:FastEthernet0/0;Negate:False;MaxFailures:1;Environment:;Waypoints:vienna;,correct,1.0,,,0.0,0.7266499996185303,717,879,383
waypoint,Type:waypoint;IngressNodeRegex:^madrid$;FinalNodeRegex:praha;FinalIfaceRegex:FastEthernet0/0;Negate:False;MaxFailures:1;Environment:;Waypoints:madrid;,correct,1.0,,,0.0,0.8916606903076172,718,879,382
waypoint,Type:waypoint;IngressNodeRegex:^basel$;FinalNodeRegex:praha;FinalIfaceRegex:FastEthernet0/0;Negate:False;MaxFailures:1;Environment:;Waypoints:basel;,correct,1.0,,,0.0,0.6864674091339111,719,879,381
waypoint,Type:waypoint;IngressNodeRegex:^strasbourg$|^basel$;FinalNodeRegex:praha;FinalIfaceRegex:FastEthernet0/0;Negate:False;MaxFailures:1;Environment:;Waypoints:strasbourg;,wrong,2.0,['basel'],"[""('strasbourg', 'basel')""]",1.0,0.5820443630218506,719,880,380
waypoint,Type:waypoint;IngressNodeRegex:^strasbourg$;FinalNodeRegex:praha;FinalIfaceRegex:FastEthernet0/0;Negate:False;MaxFailures:1;Environment:;Waypoints:strasbourg;,correct,1.0,,,0.0,0.779268741607666,720,880,379
waypoint,Type:waypoint;IngressNodeRegex:^barcelona$;FinalNodeRegex:praha;FinalIfaceRegex:FastEthernet0/0;Negate:False;MaxFailures:1;Environment:;Waypoints:barcelona;,correct,1.0,,,0.0,0.7355372905731201,721,880,378
waypoint,Type:waypoint;IngressNodeRegex:^vienna$|^milan$|^marseille$;FinalNodeRegex:praha;FinalIfaceRegex:FastEthernet0/0;Negate:False;MaxFailures:1;Environment:;Waypoints:vienna;,wrong,3.0,"['milan', 'marseille']","[""('vienna', 'milan')""]",2.0,0.5780785083770752,721,882,376
waypoint,Type:waypoint;IngressNodeRegex:^vienna$;FinalNodeRegex:praha;FinalIfaceRegex:FastEthernet0/0;Negate:False;MaxFailures:1;Environment:;Waypoints:vienna;,correct,1.0,,,0.0,0.7327988147735596,722,882,375
waypoint,Type:waypoint;IngressNodeRegex:^madrid$;FinalNodeRegex:milan;FinalIfaceRegex:FastEthernet0/0;Negate:False;MaxFailures:1;Environment:;Waypoints:madrid;,correct,1.0,,,0.0,0.7452075481414795,723,882,374
waypoint,Type:waypoint;IngressNodeRegex:^basel$;FinalNodeRegex:milan;FinalIfaceRegex:FastEthernet0/0;Negate:False;MaxFailures:1;Environment:;Waypoints:basel;,correct,1.0,,,0.0,0.9142563343048096,724,882,373
waypoint,Type:waypoint;IngressNodeRegex:^strasbourg$;FinalNodeRegex:milan;FinalIfaceRegex:FastEthernet0/0;Negate:False;MaxFailures:1;Environment:;Waypoints:strasbourg;,correct,1.0,,,0.0,0.7762913703918457,725,882,372
waypoint,Type:waypoint;IngressNodeRegex:^barcelona$|^madrid$;FinalNodeRegex:milan;FinalIfaceRegex:FastEthernet0/0;Negate:False;MaxFailures:1;Environment:;Waypoints:barcelona;,wrong,2.0,['madrid'],"[""('barcelona', 'marseille')""]",1.0,0.5152928829193115,725,883,371
waypoint,Type:waypoint;IngressNodeRegex:^barcelona$;FinalNodeRegex:milan;FinalIfaceRegex:FastEthernet0/0;Negate:False;MaxFailures:1;Environment:;Waypoints:barcelona;,correct,1.0,,,0.0,0.8416914939880371,726,883,370
waypoint,Type:waypoint;IngressNodeRegex:^vienna$|^frankfurt$|^bratislava$|^praha$|^budapest$|^bucharest$|^sofia$|^athens$|^istanbul$|^luxembourg$|^brussels$|^strasbourg$|^amsterdam$|^rotterdam$|^warsaw$|^kiev$;FinalNodeRegex:milan;FinalIfaceRegex:FastEthernet0/0;Negate:False;MaxFailures:1;Environment:;Waypoints:vienna;,wrong,16.0,['brussels'],"[""('brussels', 'frankfurt')""]",1.0,0.9246082305908203,726,884,369
waypoint,Type:waypoint;IngressNodeRegex:^vienna$|^frankfurt$|^bratislava$|^praha$|^budapest$|^bucharest$|^sofia$|^athens$|^istanbul$|^luxembourg$|^strasbourg$|^amsterdam$|^rotterdam$|^warsaw$|^kiev$;FinalNodeRegex:milan;FinalIfaceRegex:FastEthernet0/0;Negate:False;MaxFailures:1;Environment:;Waypoints:vienna;,wrong,15.0,"['frankfurt', 'praha', 'budapest', 'bucharest', 'sofia', 'athens', 'istanbul', 'luxembourg', 'strasbourg', 'amsterdam', 'rotterdam', 'warsaw', 'kiev']","[""('vienna', 'milan')""]",13.0,0.4920361042022705,726,897,356
waypoint,Type:waypoint;IngressNodeRegex:^vienna$|^bratislava$;FinalNodeRegex:milan;FinalIfaceRegex:FastEthernet0/0;Negate:False;MaxFailures:1;Environment:;Waypoints:vienna;,correct,2.0,,,0.0,0.7858045101165771,728,897,354
waypoint,Type:waypoint;IngressNodeRegex:^madrid$;FinalNodeRegex:sofia;FinalIfaceRegex:FastEthernet0/0;Negate:False;MaxFailures:1;Environment:;Waypoints:madrid;,correct,1.0,,,0.0,0.7642207145690918,729,897,353
waypoint,Type:waypoint;IngressNodeRegex:^basel$;FinalNodeRegex:sofia;FinalIfaceRegex:FastEthernet0/0;Negate:False;MaxFailures:1;Environment:;Waypoints:basel;,correct,1.0,,,0.0,0.6970996856689453,730,897,352
waypoint,Type:waypoint;IngressNodeRegex:^strasbourg$|^basel$;FinalNodeRegex:sofia;FinalIfaceRegex:FastEthernet0/0;Negate:False;MaxFailures:1;Environment:;Waypoints:strasbourg;,wrong,2.0,['basel'],"[""('strasbourg', 'basel')""]",1.0,0.6019160747528076,730,898,351
waypoint,Type:waypoint;IngressNodeRegex:^strasbourg$;FinalNodeRegex:sofia;FinalIfaceRegex:FastEthernet0/0;Negate:False;MaxFailures:1;Environment:;Waypoints:strasbourg;,correct,1.0,,,0.0,0.7199232578277588,731,898,350
waypoint,Type:waypoint;IngressNodeRegex:^barcelona$;FinalNodeRegex:sofia;FinalIfaceRegex:FastEthernet0/0;Negate:False;MaxFailures:1;Environment:;Waypoints:barcelona;,correct,1.0,,,0.0,0.7463948726654053,732,898,349
waypoint,Type:waypoint;IngressNodeRegex:^vienna$|^milan$|^roma$|^marseille$|^barcelona$|^lyon$;FinalNodeRegex:sofia;FinalIfaceRegex:FastEthernet0/0;Negate:False;MaxFailures:1;Environment:;Waypoints:vienna;,wrong,6.0,['barcelona'],"[""('barcelona', 'marseille')""]",1.0,0.48081111907958984,732,899,348
waypoint,Type:waypoint;IngressNodeRegex:^vienna$|^milan$|^roma$|^marseille$|^lyon$;FinalNodeRegex:sofia;FinalIfaceRegex:FastEthernet0/0;Negate:False;MaxFailures:1;Environment:;Waypoints:vienna;,wrong,5.0,"['roma', 'lyon']","[""('budapest', 'sofia')""]",2.0,0.4398622512817383,732,901,346
waypoint,Type:waypoint;IngressNodeRegex:^vienna$|^milan$|^marseille$;FinalNodeRegex:sofia;FinalIfaceRegex:FastEthernet0/0;Negate:False;MaxFailures:1;Environment:;Waypoints:vienna;,wrong,3.0,"['milan', 'marseille']","[""('vienna', 'bratislava')""]",2.0,0.40294981002807617,732,903,344
waypoint,Type:waypoint;IngressNodeRegex:^vienna$;FinalNodeRegex:sofia;FinalIfaceRegex:FastEthernet0/0;Negate:False;MaxFailures:1;Environment:;Waypoints:vienna;,correct,1.0,,,0.0,0.6407334804534912,733,903,343
waypoint,Type:waypoint;IngressNodeRegex:^paris$|^athens$|^zurich$|^barcelona$|^marseille$|^milan$|^roma$|^vienna$|^bratislava$|^praha$|^budapest$|^sofia$|^amsterdam$|^london$|^lyon$|^geneva$|^brussels$|^frankfurt$|^rotterdam$|^luxembourg$|^strasbourg$|^basel$|^warsaw$|^kiev$|^bucharest$|^istanbul$;FinalNodeRegex:madrid;FinalIfaceRegex:FastEthernet0/0;Negate:False;MaxFailures:1;Environment:;Waypoints:madrid;,correct,26.0,,,0.0,0.9238336086273193,759,903,317
waypoint,Type:waypoint;IngressNodeRegex:^basel$;FinalNodeRegex:madrid;FinalIfaceRegex:FastEthernet0/0;Negate:False;MaxFailures:1;Environment:;Waypoints:basel;,correct,1.0,,,0.0,0.6550681591033936,760,903,316
waypoint,Type:waypoint;IngressNodeRegex:^strasbourg$|^basel$;FinalNodeRegex:madrid;FinalIfaceRegex:FastEthernet0/0;Negate:False;MaxFailures:1;Environment:;Waypoints:strasbourg;,wrong,2.0,['basel'],"[""('brussels', 'paris')""]",1.0,0.5524947643280029,760,904,315
waypoint,Type:waypoint;IngressNodeRegex:^strasbourg$;FinalNodeRegex:madrid;FinalIfaceRegex:FastEthernet0/0;Negate:False;MaxFailures:1;Environment:;Waypoints:strasbourg;,correct,1.0,,,0.0,0.696911096572876,761,904,314
waypoint,Type:waypoint;IngressNodeRegex:^barcelona$|^marseille$|^milan$|^roma$|^vienna$|^bratislava$|^praha$|^budapest$|^sofia$;FinalNodeRegex:madrid;FinalIfaceRegex:FastEthernet0/0;Negate:False;MaxFailures:1;Environment:;Waypoints:barcelona;,wrong,9.0,['sofia'],"[""('budapest', 'sofia')""]",1.0,0.592273473739624,761,905,313
waypoint,Type:waypoint;IngressNodeRegex:^barcelona$|^marseille$|^milan$|^roma$|^vienna$|^bratislava$|^praha$|^budapest$;FinalNodeRegex:madrid;FinalIfaceRegex:FastEthernet0/0;Negate:False;MaxFailures:1;Environment:;Waypoints:barcelona;,wrong,8.0,['roma'],"[""('roma', 'milan')""]",1.0,0.5433921813964844,761,906,312
waypoint,Type:waypoint;IngressNodeRegex:^barcelona$|^marseille$|^milan$|^vienna$|^bratislava$|^praha$|^budapest$;FinalNodeRegex:madrid;FinalIfaceRegex:FastEthernet0/0;Negate:False;MaxFailures:1;Environment:;Waypoints:barcelona;,wrong,7.0,['budapest'],"[""('budapest', 'bratislava')""]",1.0,0.7139530181884766,761,907,311
waypoint,Type:waypoint;IngressNodeRegex:^barcelona$|^marseille$|^milan$|^vienna$|^bratislava$|^praha$;FinalNodeRegex:madrid;FinalIfaceRegex:FastEthernet0/0;Negate:False;MaxFailures:1;Environment:;Waypoints:barcelona;,wrong,6.0,"['milan', 'vienna', 'bratislava', 'praha']","[""('marseille', 'milan')""]",4.0,0.5639369487762451,761,911,307
waypoint,Type:waypoint;IngressNodeRegex:^barcelona$|^marseille$;FinalNodeRegex:madrid;FinalIfaceRegex:FastEthernet0/0;Negate:False;MaxFailures:1;Environment:;Waypoints:barcelona;,wrong,2.0,['marseille'],"[""('barcelona', 'madrid')""]",1.0,0.48143649101257324,761,912,306
waypoint,Type:waypoint;IngressNodeRegex:^barcelona$;FinalNodeRegex:madrid;FinalIfaceRegex:FastEthernet0/0;Negate:False;MaxFailures:1;Environment:;Waypoints:barcelona;,correct,1.0,,,0.0,0.6569678783416748,762,912,305
waypoint,Type:waypoint;IngressNodeRegex:^vienna$|^bratislava$|^praha$|^budapest$|^sofia$;FinalNodeRegex:madrid;FinalIfaceRegex:FastEthernet0/0;Negate:False;MaxFailures:1;Environment:;Waypoints:vienna;,wrong,5.0,"['praha', 'budapest', 'sofia']","[""('barcelona', 'madrid')""]",3.0,0.39163804054260254,762,915,302
waypoint,Type:waypoint;IngressNodeRegex:^vienna$|^bratislava$;FinalNodeRegex:madrid;FinalIfaceRegex:FastEthernet0/0;Negate:False;MaxFailures:1;Environment:;Waypoints:vienna;,wrong,2.0,['bratislava'],"[""('vienna', 'bratislava')""]",1.0,0.5371694564819336,762,916,301
waypoint,Type:waypoint;IngressNodeRegex:^vienna$;FinalNodeRegex:madrid;FinalIfaceRegex:FastEthernet0/0;Negate:False;MaxFailures:1;Environment:;Waypoints:vienna;,correct,1.0,,,0.0,0.7413730621337891,763,916,300
waypoint,Type:waypoint;IngressNodeRegex:^madrid$;FinalNodeRegex:zurich;FinalIfaceRegex:FastEthernet0/0;Negate:False;MaxFailures:1;Environment:;Waypoints:madrid;,correct,1.0,,,0.0,0.7732834815979004,764,916,299
waypoint,Type:waypoint;IngressNodeRegex:^basel$;FinalNodeRegex:zurich;FinalIfaceRegex:FastEthernet0/0;Negate:False;MaxFailures:1;Environment:;Waypoints:basel;,correct,1.0,,,0.0,0.856536865234375,765,916,298
waypoint,Type:waypoint;IngressNodeRegex:^strasbourg$;FinalNodeRegex:zurich;FinalIfaceRegex:FastEthernet0/0;Negate:False;MaxFailures:1;Environment:;Waypoints:strasbourg;,correct,1.0,,,0.0,0.7324576377868652,766,916,297
waypoint,Type:waypoint;IngressNodeRegex:^barcelona$;FinalNodeRegex:zurich;FinalIfaceRegex:FastEthernet0/0;Negate:False;MaxFailures:1;Environment:;Waypoints:barcelona;,correct,1.0,,,0.0,0.8632094860076904,767,916,296
waypoint,Type:waypoint;IngressNodeRegex:^vienna$|^bratislava$|^praha$|^budapest$|^sofia$;FinalNodeRegex:zurich;FinalIfaceRegex:FastEthernet0/0;Negate:False;MaxFailures:1;Environment:;Waypoints:vienna;,wrong,5.0,"['praha', 'budapest', 'sofia']","[""('zurich', 'milan')""]",3.0,0.5814406871795654,767,919,293
waypoint,Type:waypoint;IngressNodeRegex:^vienna$|^bratislava$;FinalNodeRegex:zurich;FinalIfaceRegex:FastEthernet0/0;Negate:False;MaxFailures:1;Environment:;Waypoints:vienna;,wrong,2.0,['bratislava'],"[""('vienna', 'bratislava')""]",1.0,0.6061580181121826,767,920,292
waypoint,Type:waypoint;IngressNodeRegex:^vienna$;FinalNodeRegex:zurich;FinalIfaceRegex:FastEthernet0/0;Negate:False;MaxFailures:1;Environment:;Waypoints:vienna;,correct,1.0,,,0.0,0.7435455322265625,768,920,291
waypoint,Type:waypoint;IngressNodeRegex:^madrid$;FinalNodeRegex:bucharest;FinalIfaceRegex:FastEthernet0/0;Negate:False;MaxFailures:1;Environment:;Waypoints:madrid;,correct,1.0,,,0.0,0.725365161895752,769,920,290
waypoint,Type:waypoint;IngressNodeRegex:^basel$;FinalNodeRegex:bucharest;FinalIfaceRegex:FastEthernet0/0;Negate:False;MaxFailures:1;Environment:;Waypoints:basel;,correct,1.0,,,0.0,0.7383136749267578,770,920,289
waypoint,Type:waypoint;IngressNodeRegex:^strasbourg$|^basel$;FinalNodeRegex:bucharest;FinalIfaceRegex:FastEthernet0/0;Negate:False;MaxFailures:1;Environment:;Waypoints:strasbourg;,wrong,2.0,['basel'],"[""('strasbourg', 'basel')""]",1.0,0.7658262252807617,770,921,288
waypoint,Type:waypoint;IngressNodeRegex:^strasbourg$;FinalNodeRegex:bucharest;FinalIfaceRegex:FastEthernet0/0;Negate:False;MaxFailures:1;Environment:;Waypoints:strasbourg;,correct,1.0,,,0.0,0.7836160659790039,771,921,287
waypoint,Type:waypoint;IngressNodeRegex:^barcelona$;FinalNodeRegex:bucharest;FinalIfaceRegex:FastEthernet0/0;Negate:False;MaxFailures:1;Environment:;Waypoints:barcelona;,correct,1.0,,,0.0,0.8254063129425049,772,921,286
waypoint,Type:waypoint;IngressNodeRegex:^vienna$|^milan$|^marseille$|^barcelona$;FinalNodeRegex:bucharest;FinalIfaceRegex:FastEthernet0/0;Negate:False;MaxFailures:1;Environment:;Waypoints:vienna;,wrong,4.0,"['milan', 'marseille', 'barcelona']","[""('budapest', 'bucharest')""]",3.0,0.4479355812072754,772,924,283
waypoint,Type:waypoint;IngressNodeRegex:^vienna$;FinalNodeRegex:bucharest;FinalIfaceRegex:FastEthernet0/0;Negate:False;MaxFailures:1;Environment:;Waypoints:vienna;,correct,1.0,,,0.0,0.7138814926147461,773,924,282
waypoint,Type:waypoint;IngressNodeRegex:^madrid$|^barcelona$;FinalNodeRegex:frankfurt;FinalIfaceRegex:FastEthernet0/0;Negate:False;MaxFailures:1;Environment:;Waypoints:madrid;,wrong,2.0,['barcelona'],"[""('brussels', 'paris')""]",1.0,0.5425136089324951,773,925,281
waypoint,Type:waypoint;IngressNodeRegex:^madrid$;FinalNodeRegex:frankfurt;FinalIfaceRegex:FastEthernet0/0;Negate:False;MaxFailures:1;Environment:;Waypoints:madrid;,correct,1.0,,,0.0,1.0090794563293457,774,925,280
waypoint,Type:waypoint;IngressNodeRegex:^basel$;FinalNodeRegex:frankfurt;FinalIfaceRegex:FastEthernet0/0;Negate:False;MaxFailures:1;Environment:;Waypoints:basel;,correct,1.0,,,0.0,0.7801580429077148,775,925,279
waypoint,Type:waypoint;IngressNodeRegex:^strasbourg$|^basel$;FinalNodeRegex:frankfurt;FinalIfaceRegex:FastEthernet0/0;Negate:False;MaxFailures:1;Environment:;Waypoints:strasbourg;,wrong,2.0,['basel'],"[""('strasbourg', 'basel')""]",1.0,0.7567737102508545,775,926,278
waypoint,Type:waypoint;IngressNodeRegex:^strasbourg$;FinalNodeRegex:frankfurt;FinalIfaceRegex:FastEthernet0/0;Negate:False;MaxFailures:1;Environment:;Waypoints:strasbourg;,correct,1.0,,,0.0,0.8733677864074707,776,926,277
waypoint,Type:waypoint;IngressNodeRegex:^barcelona$;FinalNodeRegex:frankfurt;FinalIfaceRegex:FastEthernet0/0;Negate:False;MaxFailures:1;Environment:;Waypoints:barcelona;,correct,1.0,,,0.0,0.8753328323364258,777,926,276
waypoint,Type:waypoint;IngressNodeRegex:^vienna$|^bratislava$;FinalNodeRegex:frankfurt;FinalIfaceRegex:FastEthernet0/0;Negate:False;MaxFailures:1;Environment:;Waypoints:vienna;,wrong,2.0,['bratislava'],"[""('vienna', 'frankfurt')""]",1.0,0.7452661991119385,777,927,275
waypoint,Type:waypoint;IngressNodeRegex:^vienna$;FinalNodeRegex:frankfurt;FinalIfaceRegex:FastEthernet0/0;Negate:False;MaxFailures:1;Environment:;Waypoints:vienna;,correct,1.0,,,0.0,0.6812734603881836,778,927,274
waypoint,Type:waypoint;IngressNodeRegex:^madrid$;FinalNodeRegex:marseille;FinalIfaceRegex:FastEthernet0/0;Negate:False;MaxFailures:1;Environment:;Waypoints:madrid;,correct,1.0,,,0.0,0.7446432113647461,779,927,273
waypoint,Type:waypoint;IngressNodeRegex:^basel$;FinalNodeRegex:marseille;FinalIfaceRegex:FastEthernet0/0;Negate:False;MaxFailures:1;Environment:;Waypoints:basel;,correct,1.0,,,0.0,0.8800935745239258,780,927,272
waypoint,Type:waypoint;IngressNodeRegex:^strasbourg$;FinalNodeRegex:marseille;FinalIfaceRegex:FastEthernet0/0;Negate:False;MaxFailures:1;Environment:;Waypoints:strasbourg;,correct,1.0,,,0.0,0.6268444061279297,781,927,271
waypoint,Type:waypoint;IngressNodeRegex:^barcelona$|^madrid$;FinalNodeRegex:marseille;FinalIfaceRegex:FastEthernet0/0;Negate:False;MaxFailures:1;Environment:;Waypoints:barcelona;,wrong,2.0,['madrid'],"[""('barcelona', 'madrid')""]",1.0,0.555452823638916,781,928,270
waypoint,Type:waypoint;IngressNodeRegex:^barcelona$;FinalNodeRegex:marseille;FinalIfaceRegex:FastEthernet0/0;Negate:False;MaxFailures:1;Environment:;Waypoints:barcelona;,correct,1.0,,,0.0,0.6493637561798096,782,928,269
waypoint,Type:waypoint;IngressNodeRegex:^vienna$|^frankfurt$|^bratislava$|^praha$|^budapest$|^bucharest$|^sofia$|^athens$|^istanbul$|^strasbourg$|^warsaw$|^kiev$;FinalNodeRegex:marseille;FinalIfaceRegex:FastEthernet0/0;Negate:False;MaxFailures:1;Environment:;Waypoints:vienna;,wrong,12.0,['strasbourg'],"[""('strasbourg', 'frankfurt')""]",1.0,0.4671199321746826,782,929,268
waypoint,Type:waypoint;IngressNodeRegex:^vienna$|^frankfurt$|^bratislava$|^praha$|^budapest$|^bucharest$|^sofia$|^athens$|^istanbul$|^warsaw$|^kiev$;FinalNodeRegex:marseille;FinalIfaceRegex:FastEthernet0/0;Negate:False;MaxFailures:1;Environment:;Waypoints:vienna;,wrong,11.0,"['frankfurt', 'praha', 'budapest', 'bucharest', 'sofia', 'athens', 'istanbul', 'warsaw', 'kiev']","[""('marseille', 'milan')""]",9.0,0.7318470478057861,782,938,259
waypoint,Type:waypoint;IngressNodeRegex:^vienna$|^bratislava$;FinalNodeRegex:marseille;FinalIfaceRegex:FastEthernet0/0;Negate:False;MaxFailures:1;Environment:;Waypoints:vienna;,correct,2.0,,,0.0,0.7941036224365234,784,938,257
waypoint,Type:waypoint;IngressNodeRegex:^madrid$;FinalNodeRegex:roma;FinalIfaceRegex:FastEthernet0/0;Negate:False;MaxFailures:1;Environment:;Waypoints:madrid;,correct,1.0,,,0.0,0.7012748718261719,785,938,256
waypoint,Type:waypoint;IngressNodeRegex:^basel$;FinalNodeRegex:roma;FinalIfaceRegex:FastEthernet0/0;Negate:False;MaxFailures:1;Environment:;Waypoints:basel;,correct,1.0,,,0.0,0.6773619651794434,786,938,255
waypoint,Type:waypoint;IngressNodeRegex:^strasbourg$;FinalNodeRegex:roma;FinalIfaceRegex:FastEthernet0/0;Negate:False;MaxFailures:1;Environment:;Waypoints:strasbourg;,correct,1.0,,,0.0,0.5659098625183105,787,938,254
waypoint,Type:waypoint;IngressNodeRegex:^barcelona$|^madrid$;FinalNodeRegex:roma;FinalIfaceRegex:FastEthernet0/0;Negate:False;MaxFailures:1;Environment:;Waypoints:barcelona;,wrong,2.0,['madrid'],"[""('roma', 'milan')""]",1.0,0.3796358108520508,787,939,253
waypoint,Type:waypoint;IngressNodeRegex:^barcelona$;FinalNodeRegex:roma;FinalIfaceRegex:FastEthernet0/0;Negate:False;MaxFailures:1;Environment:;Waypoints:barcelona;,correct,1.0,,,0.0,0.6533002853393555,788,939,252
waypoint,Type:waypoint;IngressNodeRegex:^vienna$|^bratislava$|^praha$|^budapest$|^sofia$|^athens$;FinalNodeRegex:roma;FinalIfaceRegex:FastEthernet0/0;Negate:False;MaxFailures:1;Environment:;Waypoints:vienna;,wrong,6.0,['athens'],"[""('roma', 'milan')""]",1.0,0.6360008716583252,788,940,251
waypoint,Type:waypoint;IngressNodeRegex:^vienna$|^bratislava$|^praha$|^budapest$|^sofia$;FinalNodeRegex:roma;FinalIfaceRegex:FastEthernet0/0;Negate:False;MaxFailures:1;Environment:;Waypoints:vienna;,wrong,5.0,"['bratislava', 'praha', 'budapest', 'sofia']","[""('vienna', 'bratislava')""]",4.0,0.4092104434967041,788,944,247
waypoint,Type:waypoint;IngressNodeRegex:^vienna$;FinalNodeRegex:roma;FinalIfaceRegex:FastEthernet0/0;Negate:False;MaxFailures:1;Environment:;Waypoints:vienna;,correct,1.0,,,0.0,0.6785295009613037,789,944,246
waypoint,Type:waypoint;IngressNodeRegex:^madrid$|^paris$|^amsterdam$|^london$|^brussels$|^rotterdam$|^luxembourg$;FinalNodeRegex:barcelona;FinalIfaceRegex:FastEthernet0/0;Negate:False;MaxFailures:1;Environment:;Waypoints:madrid;,wrong,7.0,['luxembourg'],"[""('luxembourg', 'brussels')""]",1.0,0.5266363620758057,789,945,245
waypoint,Type:waypoint;IngressNodeRegex:^madrid$|^paris$|^amsterdam$|^london$|^brussels$|^rotterdam$;FinalNodeRegex:barcelona;FinalIfaceRegex:FastEthernet0/0;Negate:False;MaxFailures:1;Environment:;Waypoints:madrid;,wrong,6.0,"['paris', 'amsterdam', 'london', 'brussels', 'rotterdam']","[""('madrid', 'paris')""]",5.0,0.3851447105407715,789,950,240
waypoint,Type:waypoint;IngressNodeRegex:^madrid$;FinalNodeRegex:barcelona;FinalIfaceRegex:FastEthernet0/0;Negate:False;MaxFailures:1;Environment:;Waypoints:madrid;,correct,1.0,,,0.0,0.721299409866333,790,950,239
waypoint,Type:waypoint;IngressNodeRegex:^basel$;FinalNodeRegex:barcelona;FinalIfaceRegex:FastEthernet0/0;Negate:False;MaxFailures:1;Environment:;Waypoints:basel;,correct,1.0,,,0.0,0.7940073013305664,791,950,238
waypoint,Type:waypoint;IngressNodeRegex:^strasbourg$;FinalNodeRegex:barcelona;FinalIfaceRegex:FastEthernet0/0;Negate:False;MaxFailures:1;Environment:;Waypoints:strasbourg;,correct,1.0,,,0.0,0.7305686473846436,792,950,237
waypoint,Type:waypoint;IngressNodeRegex:^madrid$|^basel$|^strasbourg$|^frankfurt$|^marseille$|^milan$|^lyon$|^roma$|^vienna$|^zurich$|^geneva$|^bratislava$|^praha$|^budapest$|^bucharest$|^sofia$|^athens$|^istanbul$|^warsaw$|^kiev$|^paris$|^amsterdam$|^london$|^brussels$|^rotterdam$|^luxembourg$;FinalNodeRegex:barcelona;FinalIfaceRegex:FastEthernet0/0;Negate:False;MaxFailures:1;Environment:;Waypoints:barcelona;,correct,26.0,,,0.0,0.8642957210540771,818,950,211
waypoint,Type:waypoint;IngressNodeRegex:^vienna$|^bratislava$|^praha$|^budapest$|^bucharest$|^sofia$|^athens$|^istanbul$;FinalNodeRegex:barcelona;FinalIfaceRegex:FastEthernet0/0;Negate:False;MaxFailures:1;Environment:;Waypoints:vienna;,wrong,8.0,"['praha', 'budapest', 'bucharest', 'sofia', 'athens', 'istanbul']","[""('barcelona', 'marseille')""]",6.0,0.38964223861694336,818,956,205
waypoint,Type:waypoint;IngressNodeRegex:^vienna$|^bratislava$;FinalNodeRegex:barcelona;FinalIfaceRegex:FastEthernet0/0;Negate:False;MaxFailures:1;Environment:;Waypoints:vienna;,wrong,2.0,['bratislava'],"[""('vienna', 'bratislava')""]",1.0,0.6902244091033936,818,957,204
waypoint,Type:waypoint;IngressNodeRegex:^vienna$;FinalNodeRegex:barcelona;FinalIfaceRegex:FastEthernet0/0;Negate:False;MaxFailures:1;Environment:;Waypoints:vienna;,correct,1.0,,,0.0,0.7383460998535156,819,957,203
waypoint,Type:waypoint;IngressNodeRegex:^madrid$;FinalNodeRegex:budapest;FinalIfaceRegex:FastEthernet0/0;Negate:False;MaxFailures:1;Environment:;Waypoints:madrid;,correct,1.0,,,0.0,0.7660095691680908,820,957,202
waypoint,Type:waypoint;IngressNodeRegex:^basel$;FinalNodeRegex:budapest;FinalIfaceRegex:FastEthernet0/0;Negate:False;MaxFailures:1;Environment:;Waypoints:basel;,correct,1.0,,,0.0,0.7289543151855469,821,957,201
waypoint,Type:waypoint;IngressNodeRegex:^strasbourg$|^basel$;FinalNodeRegex:budapest;FinalIfaceRegex:FastEthernet0/0;Negate:False;MaxFailures:1;Environment:;Waypoints:strasbourg;,wrong,2.0,['basel'],"[""('strasbourg', 'basel')""]",1.0,0.5300736427307129,821,958,200
waypoint,Type:waypoint;IngressNodeRegex:^strasbourg$;FinalNodeRegex:budapest;FinalIfaceRegex:FastEthernet0/0;Negate:False;MaxFailures:1;Environment:;Waypoints:strasbourg;,correct,1.0,,,0.0,0.6743454933166504,822,958,199
waypoint,Type:waypoint;IngressNodeRegex:^barcelona$;FinalNodeRegex:budapest;FinalIfaceRegex:FastEthernet0/0;Negate:False;MaxFailures:1;Environment:;Waypoints:barcelona;,correct,1.0,,,0.0,0.7489683628082275,823,958,198
waypoint,Type:waypoint;IngressNodeRegex:^vienna$|^milan$|^roma$|^marseille$|^barcelona$|^lyon$;FinalNodeRegex:budapest;FinalIfaceRegex:FastEthernet0/0;Negate:False;MaxFailures:1;Environment:;Waypoints:vienna;,wrong,6.0,['roma'],"[""('roma', 'milan')""]",1.0,0.5207600593566895,823,959,197
waypoint,Type:waypoint;IngressNodeRegex:^vienna$|^milan$|^marseille$|^barcelona$|^lyon$;FinalNodeRegex:budapest;FinalIfaceRegex:FastEthernet0/0;Negate:False;MaxFailures:1;Environment:;Waypoints:vienna;,wrong,5.0,"['milan', 'marseille', 'barcelona', 'lyon']","[""('budapest', 'bratislava')""]",4.0,0.39586877822875977,823,963,193
waypoint,Type:waypoint;IngressNodeRegex:^vienna$;FinalNodeRegex:budapest;FinalIfaceRegex:FastEthernet0/0;Negate:False;MaxFailures:1;Environment:;Waypoints:vienna;,correct,1.0,,,0.0,0.6837494373321533,824,963,192
waypoint,Type:waypoint;IngressNodeRegex:^madrid$|^barcelona$;FinalNodeRegex:brussels;FinalIfaceRegex:FastEthernet0/0;Negate:False;MaxFailures:1;Environment:;Waypoints:madrid;,wrong,2.0,['barcelona'],"[""('madrid', 'paris')""]",1.0,0.6466102600097656,824,964,191
waypoint,Type:waypoint;IngressNodeRegex:^madrid$;FinalNodeRegex:brussels;FinalIfaceRegex:FastEthernet0/0;Negate:False;MaxFailures:1;Environment:;Waypoints:madrid;,correct,1.0,,,0.0,0.8104043006896973,825,964,190
waypoint,Type:waypoint;IngressNodeRegex:^basel$;FinalNodeRegex:brussels;FinalIfaceRegex:FastEthernet0/0;Negate:False;MaxFailures:1;Environment:;Waypoints:basel;,correct,1.0,,,0.0,0.7761735916137695,826,964,189
waypoint,Type:waypoint;IngressNodeRegex:^strasbourg$|^basel$;FinalNodeRegex:brussels;FinalIfaceRegex:FastEthernet0/0;Negate:False;MaxFailures:1;Environment:;Waypoints:strasbourg;,wrong,2.0,['basel'],"[""('strasbourg', 'basel')""]",1.0,0.7504100799560547,826,965,188
waypoint,Type:waypoint;IngressNodeRegex:^strasbourg$;FinalNodeRegex:brussels;FinalIfaceRegex:FastEthernet0/0;Negate:False;MaxFailures:1;Environment:;Waypoints:strasbourg;,correct,1.0,,,0.0,0.7484829425811768,827,965,187
waypoint,Type:waypoint;IngressNodeRegex:^barcelona$;FinalNodeRegex:brussels;FinalIfaceRegex:FastEthernet0/0;Negate:False;MaxFailures:1;Environment:;Waypoints:barcelona;,correct,1.0,,,0.0,0.7550432682037354,828,965,186
waypoint,Type:waypoint;IngressNodeRegex:^vienna$|^bratislava$;FinalNodeRegex:brussels;FinalIfaceRegex:FastEthernet0/0;Negate:False;MaxFailures:1;Environment:;Waypoints:vienna;,wrong,2.0,['bratislava'],"[""('vienna', 'bratislava')""]",1.0,0.6544551849365234,828,966,185
waypoint,Type:waypoint;IngressNodeRegex:^vienna$;FinalNodeRegex:brussels;FinalIfaceRegex:FastEthernet0/0;Negate:False;MaxFailures:1;Environment:;Waypoints:vienna;,correct,1.0,,,0.0,0.7619752883911133,829,966,184
waypoint,Type:waypoint;IngressNodeRegex:^madrid$;FinalNodeRegex:bratislava;FinalIfaceRegex:FastEthernet0/0;Negate:False;MaxFailures:1;Environment:;Waypoints:madrid;,correct,1.0,,,0.0,0.6535046100616455,830,966,183
waypoint,Type:waypoint;IngressNodeRegex:^basel$;FinalNodeRegex:bratislava;FinalIfaceRegex:FastEthernet0/0;Negate:False;MaxFailures:1;Environment:;Waypoints:basel;,correct,1.0,,,0.0,0.6355204582214355,831,966,182
waypoint,Type:waypoint;IngressNodeRegex:^strasbourg$|^basel$;FinalNodeRegex:bratislava;FinalIfaceRegex:FastEthernet0/0;Negate:False;MaxFailures:1;Environment:;Waypoints:strasbourg;,wrong,2.0,['basel'],"[""('strasbourg', 'basel')""]",1.0,0.31418418884277344,831,967,181
waypoint,Type:waypoint;IngressNodeRegex:^strasbourg$;FinalNodeRegex:bratislava;FinalIfaceRegex:FastEthernet0/0;Negate:False;MaxFailures:1;Environment:;Waypoints:strasbourg;,correct,1.0,,,0.0,0.7012290954589844,832,967,180
waypoint,Type:waypoint;IngressNodeRegex:^barcelona$;FinalNodeRegex:bratislava;FinalIfaceRegex:FastEthernet0/0;Negate:False;MaxFailures:1;Environment:;Waypoints:barcelona;,correct,1.0,,,0.0,0.8414328098297119,833,967,179
waypoint,Type:waypoint;IngressNodeRegex:^vienna$|^milan$|^roma$|^marseille$|^barcelona$|^lyon$;FinalNodeRegex:bratislava;FinalIfaceRegex:FastEthernet0/0;Negate:False;MaxFailures:1;Environment:;Waypoints:vienna;,wrong,6.0,"['milan', 'roma', 'marseille', 'barcelona', 'lyon']","[""('vienna', 'bratislava')""]",5.0,0.42072391510009766,833,972,174
waypoint,Type:waypoint;IngressNodeRegex:^vienna$;FinalNodeRegex:bratislava;FinalIfaceRegex:FastEthernet0/0;Negate:False;MaxFailures:1;Environment:;Waypoints:vienna;,correct,1.0,,,0.0,0.6089668273925781,834,972,173
waypoint,Type:waypoint;IngressNodeRegex:^madrid$;FinalNodeRegex:geneva;FinalIfaceRegex:FastEthernet0/0;Negate:False;MaxFailures:1;Environment:;Waypoints:madrid;,correct,1.0,,,0.0,0.7821669578552246,835,972,172
waypoint,Type:waypoint;IngressNodeRegex:^basel$;FinalNodeRegex:geneva;FinalIfaceRegex:FastEthernet0/0;Negate:False;MaxFailures:1;Environment:;Waypoints:basel;,correct,1.0,,,0.0,0.8194427490234375,836,972,171
waypoint,Type:waypoint;IngressNodeRegex:^strasbourg$;FinalNodeRegex:geneva;FinalIfaceRegex:FastEthernet0/0;Negate:False;MaxFailures:1;Environment:;Waypoints:strasbourg;,correct,1.0,,,0.0,0.7693016529083252,837,972,170
waypoint,Type:waypoint;IngressNodeRegex:^barcelona$;FinalNodeRegex:geneva;FinalIfaceRegex:FastEthernet0/0;Negate:False;MaxFailures:1;Environment:;Waypoints:barcelona;,correct,1.0,,,0.0,0.8545336723327637,838,972,169
waypoint,Type:waypoint;IngressNodeRegex:^vienna$|^bratislava$|^praha$|^budapest$|^sofia$;FinalNodeRegex:geneva;FinalIfaceRegex:FastEthernet0/0;Negate:False;MaxFailures:1;Environment:;Waypoints:vienna;,wrong,5.0,"['praha', 'budapest', 'sofia']","[""('zurich', 'milan')""]",3.0,0.594202995300293,838,975,166
waypoint,Type:waypoint;IngressNodeRegex:^vienna$|^bratislava$;FinalNodeRegex:geneva;FinalIfaceRegex:FastEthernet0/0;Negate:False;MaxFailures:1;Environment:;Waypoints:vienna;,wrong,2.0,['bratislava'],"[""('vienna', 'bratislava')""]",1.0,0.797276496887207,838,976,165
waypoint,Type:waypoint;IngressNodeRegex:^vienna$;FinalNodeRegex:geneva;FinalIfaceRegex:FastEthernet0/0;Negate:False;MaxFailures:1;Environment:;Waypoints:vienna;,correct,1.0,,,0.0,0.8765008449554443,839,976,164
waypoint,Type:waypoint;IngressNodeRegex:^madrid$;FinalNodeRegex:strasbourg;FinalIfaceRegex:FastEthernet0/0;Negate:False;MaxFailures:1;Environment:;Waypoints:madrid;,correct,1.0,,,0.0,0.7131845951080322,840,976,163
waypoint,Type:waypoint;IngressNodeRegex:^basel$|^geneva$|^lyon$|^marseille$;FinalNodeRegex:strasbourg;FinalIfaceRegex:FastEthernet0/0;Negate:False;MaxFailures:1;Environment:;Waypoints:basel;,wrong,4.0,"['geneva', 'lyon', 'marseille']","[""('strasbourg', 'basel')""]",3.0,0.3416018486022949,840,979,160
waypoint,Type:waypoint;IngressNodeRegex:^basel$;FinalNodeRegex:strasbourg;FinalIfaceRegex:FastEthernet0/0;Negate:False;MaxFailures:1;Environment:;Waypoints:basel;,correct,1.0,,,0.0,0.5871903896331787,841,979,159
waypoint,Type:waypoint;IngressNodeRegex:^rotterdam$|^zurich$|^barcelona$|^basel$|^luxembourg$|^brussels$|^frankfurt$|^amsterdam$|^vienna$|^warsaw$|^praha$|^kiev$|^bucharest$|^budapest$|^istanbul$|^athens$|^sofia$|^bratislava$|^london$|^paris$|^madrid$|^geneva$|^lyon$|^marseille$|^roma$|^milan$;FinalNodeRegex:strasbourg;FinalIfaceRegex:FastEthernet0/0;Negate:False;MaxFailures:1;Environment:;Waypoints:strasbourg;,correct,26.0,,,0.0,0.8818342685699463,867,979,133
waypoint,Type:waypoint;IngressNodeRegex:^barcelona$;FinalNodeRegex:strasbourg;FinalIfaceRegex:FastEthernet0/0;Negate:False;MaxFailures:1;Environment:;Waypoints:barcelona;,correct,1.0,,,0.0,0.8024041652679443,868,979,132
waypoint,Type:waypoint;IngressNodeRegex:^vienna$|^bratislava$;FinalNodeRegex:strasbourg;FinalIfaceRegex:FastEthernet0/0;Negate:False;MaxFailures:1;Environment:;Waypoints:vienna;,wrong,2.0,['bratislava'],"[""('vienna', 'frankfurt')""]",1.0,0.7104334831237793,868,980,131
waypoint,Type:waypoint;IngressNodeRegex:^vienna$;FinalNodeRegex:strasbourg;FinalIfaceRegex:FastEthernet0/0;Negate:False;MaxFailures:1;Environment:;Waypoints:vienna;,correct,1.0,,,0.0,0.822533369064331,869,980,130
waypoint,Type:waypoint;IngressNodeRegex:^madrid$|^barcelona$;FinalNodeRegex:rotterdam;FinalIfaceRegex:FastEthernet0/0;Negate:False;MaxFailures:1;Environment:;Waypoints:madrid;,wrong,2.0,['barcelona'],"[""('barcelona', 'madrid')""]",1.0,0.563434362411499,869,981,129
waypoint,Type:waypoint;IngressNodeRegex:^madrid$;FinalNodeRegex:rotterdam;FinalIfaceRegex:FastEthernet0/0;Negate:False;MaxFailures:1;Environment:;Waypoints:madrid;,correct,1.0,,,0.0,0.6631653308868408,870,981,128
waypoint,Type:waypoint;IngressNodeRegex:^basel$;FinalNodeRegex:rotterdam;FinalIfaceRegex:FastEthernet0/0;Negate:False;MaxFailures:1;Environment:;Waypoints:basel;,correct,1.0,,,0.0,0.6062700748443604,871,981,127
waypoint,Type:waypoint;IngressNodeRegex:^strasbourg$|^basel$;FinalNodeRegex:rotterdam;FinalIfaceRegex:FastEthernet0/0;Negate:False;MaxFailures:1;Environment:;Waypoints:strasbourg;,wrong,2.0,['basel'],"[""('strasbourg', 'basel')""]",1.0,0.44411230087280273,871,982,126
waypoint,Type:waypoint;IngressNodeRegex:^strasbourg$;FinalNodeRegex:rotterdam;FinalIfaceRegex:FastEthernet0/0;Negate:False;MaxFailures:1;Environment:;Waypoints:strasbourg;,correct,1.0,,,0.0,0.6353280544281006,872,982,125
waypoint,Type:waypoint;IngressNodeRegex:^barcelona$;FinalNodeRegex:rotterdam;FinalIfaceRegex:FastEthernet0/0;Negate:False;MaxFailures:1;Environment:;Waypoints:barcelona;,correct,1.0,,,0.0,0.6711351871490479,873,982,124
waypoint,Type:waypoint;IngressNodeRegex:^vienna$|^bratislava$;FinalNodeRegex:rotterdam;FinalIfaceRegex:FastEthernet0/0;Negate:False;MaxFailures:1;Environment:;Waypoints:vienna;,wrong,2.0,['bratislava'],"[""('vienna', 'frankfurt')""]",1.0,0.4839510917663574,873,983,123
waypoint,Type:waypoint;IngressNodeRegex:^vienna$;FinalNodeRegex:rotterdam;FinalIfaceRegex:FastEthernet0/0;Negate:False;MaxFailures:1;Environment:;Waypoints:vienna;,correct,1.0,,,0.0,0.73378586769104,874,983,122
waypoint,Type:waypoint;IngressNodeRegex:^madrid$;FinalNodeRegex:vienna;FinalIfaceRegex:FastEthernet0/0;Negate:False;MaxFailures:1;Environment:;Waypoints:madrid;,correct,1.0,,,0.0,0.7126247882843018,875,983,121
waypoint,Type:waypoint;IngressNodeRegex:^basel$;FinalNodeRegex:vienna;FinalIfaceRegex:FastEthernet0/0;Negate:False;MaxFailures:1;Environment:;Waypoints:basel;,correct,1.0,,,0.0,0.7333869934082031,876,983,120
waypoint,Type:waypoint;IngressNodeRegex:^strasbourg$|^basel$;FinalNodeRegex:vienna;FinalIfaceRegex:FastEthernet0/0;Negate:False;MaxFailures:1;Environment:;Waypoints:strasbourg;,wrong,2.0,['basel'],"[""('strasbourg', 'frankfurt')""]",1.0,0.5549938678741455,876,984,119
waypoint,Type:waypoint;IngressNodeRegex:^strasbourg$;FinalNodeRegex:vienna;FinalIfaceRegex:FastEthernet0/0;Negate:False;MaxFailures:1;Environment:;Waypoints:strasbourg;,correct,1.0,,,0.0,0.6880509853363037,877,984,118
waypoint,Type:waypoint;IngressNodeRegex:^barcelona$;FinalNodeRegex:vienna;FinalIfaceRegex:FastEthernet0/0;Negate:False;MaxFailures:1;Environment:;Waypoints:barcelona;,correct,1.0,,,0.0,0.744713544845581,878,984,117
waypoint,Type:waypoint;IngressNodeRegex:^madrid$|^geneva$|^milan$|^frankfurt$|^zurich$|^bratislava$|^praha$|^budapest$|^bucharest$|^sofia$|^athens$|^istanbul$|^luxembourg$|^brussels$|^strasbourg$|^amsterdam$|^rotterdam$|^warsaw$|^kiev$|^london$|^basel$|^paris$|^roma$|^marseille$|^barcelona$|^lyon$;FinalNodeRegex:vienna;FinalIfaceRegex:FastEthernet0/0;Negate:False;MaxFailures:1;Environment:;Waypoints:vienna;,correct,26.0,,,0.0,0.7757675647735596,904,984,91
waypoint,Type:waypoint;IngressNodeRegex:^madrid$|^barcelona$;FinalNodeRegex:luxembourg;FinalIfaceRegex:FastEthernet0/0;Negate:False;MaxFailures:1;Environment:;Waypoints:madrid;,wrong,2.0,['barcelona'],"[""('madrid', 'paris')""]",1.0,0.33068060874938965,904,985,90
waypoint,Type:waypoint;IngressNodeRegex:^madrid$;FinalNodeRegex:luxembourg;FinalIfaceRegex:FastEthernet0/0;Negate:False;MaxFailures:1;Environment:;Waypoints:madrid;,correct,1.0,,,0.0,0.7044038772583008,905,985,89
waypoint,Type:waypoint;IngressNodeRegex:^basel$|^geneva$;FinalNodeRegex:luxembourg;FinalIfaceRegex:FastEthernet0/0;Negate:False;MaxFailures:1;Environment:;Waypoints:basel;,wrong,2.0,['geneva'],"[""('strasbourg', 'basel')""]",1.0,0.390167236328125,905,986,88
waypoint,Type:waypoint;IngressNodeRegex:^basel$;FinalNodeRegex:luxembourg;FinalIfaceRegex:FastEthernet0/0;Negate:False;MaxFailures:1;Environment:;Waypoints:basel;,correct,1.0,,,0.0,0.6772048473358154,906,986,87
waypoint,Type:waypoint;IngressNodeRegex:^strasbourg$|^basel$|^geneva$;FinalNodeRegex:luxembourg;FinalIfaceRegex:FastEthernet0/0;Negate:False;MaxFailures:1;Environment:;Waypoints:strasbourg;,wrong,3.0,"['basel', 'geneva']","[""('strasbourg', 'basel')""]",2.0,0.32761263847351074,906,988,85
waypoint,Type:waypoint;IngressNodeRegex:^strasbourg$;FinalNodeRegex:luxembourg;FinalIfaceRegex:FastEthernet0/0;Negate:False;MaxFailures:1;Environment:;Waypoints:strasbourg;,correct,1.0,,,0.0,0.6078610420227051,907,988,84
waypoint,Type:waypoint;IngressNodeRegex:^barcelona$;FinalNodeRegex:luxembourg;FinalIfaceRegex:FastEthernet0/0;Negate:False;MaxFailures:1;Environment:;Waypoints:barcelona;,correct,1.0,,,0.0,0.69437575340271,908,988,83
waypoint,Type:waypoint;IngressNodeRegex:^vienna$|^bratislava$;FinalNodeRegex:luxembourg;FinalIfaceRegex:FastEthernet0/0;Negate:False;MaxFailures:1;Environment:;Waypoints:vienna;,wrong,2.0,['bratislava'],"[""('vienna', 'frankfurt')""]",1.0,0.3177657127380371,908,989,82
waypoint,Type:waypoint;IngressNodeRegex:^vienna$;FinalNodeRegex:luxembourg;FinalIfaceRegex:FastEthernet0/0;Negate:False;MaxFailures:1;Environment:;Waypoints:vienna;,correct,1.0,,,0.0,0.7020211219787598,909,989,81
waypoint,Type:waypoint;IngressNodeRegex:^madrid$;FinalNodeRegex:athens;FinalIfaceRegex:FastEthernet0/0;Negate:False;MaxFailures:1;Environment:;Waypoints:madrid;,correct,1.0,,,0.0,0.8371081352233887,910,989,80
waypoint,Type:waypoint;IngressNodeRegex:^basel$;FinalNodeRegex:athens;FinalIfaceRegex:FastEthernet0/0;Negate:False;MaxFailures:1;Environment:;Waypoints:basel;,correct,1.0,,,0.0,0.8019354343414307,911,989,79
waypoint,Type:waypoint;IngressNodeRegex:^strasbourg$|^basel$;FinalNodeRegex:athens;FinalIfaceRegex:FastEthernet0/0;Negate:False;MaxFailures:1;Environment:;Waypoints:strasbourg;,wrong,2.0,['basel'],"[""('strasbourg', 'basel')""]",1.0,0.49326276779174805,911,990,78
waypoint,Type:waypoint;IngressNodeRegex:^strasbourg$;FinalNodeRegex:athens;FinalIfaceRegex:FastEthernet0/0;Negate:False;MaxFailures:1;Environment:;Waypoints:strasbourg;,correct,1.0,,,0.0,0.9011883735656738,912,990,77
waypoint,Type:waypoint;IngressNodeRegex:^barcelona$;FinalNodeRegex:athens;FinalIfaceRegex:FastEthernet0/0;Negate:False;MaxFailures:1;Environment:;Waypoints:barcelona;,correct,1.0,,,0.0,0.855863094329834,913,990,76
waypoint,Type:waypoint;IngressNodeRegex:^vienna$|^milan$|^roma$|^marseille$|^barcelona$|^lyon$;FinalNodeRegex:athens;FinalIfaceRegex:FastEthernet0/0;Negate:False;MaxFailures:1;Environment:;Waypoints:vienna;,wrong,6.0,['lyon'],"[""('lyon', 'marseille')""]",1.0,0.3922553062438965,913,991,75
waypoint,Type:waypoint;IngressNodeRegex:^vienna$|^milan$|^roma$|^marseille$|^barcelona$;FinalNodeRegex:athens;FinalIfaceRegex:FastEthernet0/0;Negate:False;MaxFailures:1;Environment:;Waypoints:vienna;,wrong,5.0,"['milan', 'roma', 'marseille', 'barcelona']","[""('vienna', 'bratislava')""]",4.0,0.5717172622680664,913,995,71
waypoint,Type:waypoint;IngressNodeRegex:^vienna$;FinalNodeRegex:athens;FinalIfaceRegex:FastEthernet0/0;Negate:False;MaxFailures:1;Environment:;Waypoints:vienna;,correct,1.0,,,0.0,0.8172934055328369,914,995,70
waypoint,Type:waypoint;IngressNodeRegex:^madrid$;FinalNodeRegex:basel;FinalIfaceRegex:FastEthernet0/0;Negate:False;MaxFailures:1;Environment:;Waypoints:madrid;,correct,1.0,,,0.0,0.7581267356872559,915,995,69
waypoint,Type:waypoint;IngressNodeRegex:^athens$|^geneva$|^brussels$|^strasbourg$|^frankfurt$|^rotterdam$|^amsterdam$|^warsaw$|^kiev$|^bucharest$|^istanbul$|^luxembourg$|^paris$|^zurich$|^lyon$|^marseille$|^barcelona$|^roma$|^milan$|^vienna$|^bratislava$|^praha$|^budapest$|^sofia$|^london$|^madrid$;FinalNodeRegex:basel;FinalIfaceRegex:FastEthernet0/0;Negate:False;MaxFailures:1;Environment:;Waypoints:basel;,correct,26.0,,,0.0,0.8405275344848633,941,995,43
waypoint,Type:waypoint;IngressNodeRegex:^strasbourg$|^luxembourg$;FinalNodeRegex:basel;FinalIfaceRegex:FastEthernet0/0;Negate:False;MaxFailures:1;Environment:;Waypoints:strasbourg;,wrong,2.0,['luxembourg'],"[""('strasbourg', 'basel')""]",1.0,0.4591209888458252,941,996,42
waypoint,Type:waypoint;IngressNodeRegex:^strasbourg$;FinalNodeRegex:basel;FinalIfaceRegex:FastEthernet0/0;Negate:False;MaxFailures:1;Environment:;Waypoints:strasbourg;,correct,1.0,,,0.0,0.6954114437103271,942,996,41
waypoint,Type:waypoint;IngressNodeRegex:^barcelona$;FinalNodeRegex:basel;FinalIfaceRegex:FastEthernet0/0;Negate:False;MaxFailures:1;Environment:;Waypoints:barcelona;,correct,1.0,,,0.0,0.7298753261566162,943,996,40
waypoint,Type:waypoint;IngressNodeRegex:^vienna$|^bratislava$|^praha$|^budapest$|^sofia$;FinalNodeRegex:basel;FinalIfaceRegex:FastEthernet0/0;Negate:False;MaxFailures:1;Environment:;Waypoints:vienna;,wrong,5.0,"['praha', 'budapest', 'sofia']","[""('geneva', 'basel')""]",3.0,0.368391752243042,943,999,37
waypoint,Type:waypoint;IngressNodeRegex:^vienna$|^bratislava$;FinalNodeRegex:basel;FinalIfaceRegex:FastEthernet0/0;Negate:False;MaxFailures:1;Environment:;Waypoints:vienna;,wrong,2.0,['bratislava'],"[""('vienna', 'bratislava')""]",1.0,0.42632484436035156,943,1000,36
waypoint,Type:waypoint;IngressNodeRegex:^vienna$;FinalNodeRegex:basel;FinalIfaceRegex:FastEthernet0/0;Negate:False;MaxFailures:1;Environment:;Waypoints:vienna;,correct,1.0,,,0.0,0.7974269390106201,944,1000,35
waypoint,Type:waypoint;IngressNodeRegex:^madrid$|^barcelona$;FinalNodeRegex:paris;FinalIfaceRegex:FastEthernet0/0;Negate:False;MaxFailures:1;Environment:;Waypoints:madrid;,wrong,2.0,['barcelona'],"[""('barcelona', 'madrid')""]",1.0,0.5460193157196045,944,1001,34
waypoint,Type:waypoint;IngressNodeRegex:^madrid$;FinalNodeRegex:paris;FinalIfaceRegex:FastEthernet0/0;Negate:False;MaxFailures:1;Environment:;Waypoints:madrid;,correct,1.0,,,0.0,0.7872741222381592,945,1001,33
waypoint,Type:waypoint;IngressNodeRegex:^basel$;FinalNodeRegex:paris;FinalIfaceRegex:FastEthernet0/0;Negate:False;MaxFailures:1;Environment:;Waypoints:basel;,correct,1.0,,,0.0,0.8448207378387451,946,1001,32
waypoint,Type:waypoint;IngressNodeRegex:^strasbourg$|^basel$;FinalNodeRegex:paris;FinalIfaceRegex:FastEthernet0/0;Negate:False;MaxFailures:1;Environment:;Waypoints:strasbourg;,wrong,2.0,['basel'],"[""('brussels', 'paris')""]",1.0,0.5376155376434326,946,1002,31
waypoint,Type:waypoint;IngressNodeRegex:^strasbourg$;FinalNodeRegex:paris;FinalIfaceRegex:FastEthernet0/0;Negate:False;MaxFailures:1;Environment:;Waypoints:strasbourg;,correct,1.0,,,0.0,0.9303104877471924,947,1002,30
waypoint,Type:waypoint;IngressNodeRegex:^barcelona$;FinalNodeRegex:paris;FinalIfaceRegex:FastEthernet0/0;Negate:False;MaxFailures:1;Environment:;Waypoints:barcelona;,correct,1.0,,,0.0,0.7858200073242188,948,1002,29
waypoint,Type:waypoint;IngressNodeRegex:^vienna$|^bratislava$;FinalNodeRegex:paris;FinalIfaceRegex:FastEthernet0/0;Negate:False;MaxFailures:1;Environment:;Waypoints:vienna;,wrong,2.0,['bratislava'],"[""('vienna', 'bratislava')""]",1.0,0.8303968906402588,948,1003,28
waypoint,Type:waypoint;IngressNodeRegex:^vienna$;FinalNodeRegex:paris;FinalIfaceRegex:FastEthernet0/0;Negate:False;MaxFailures:1;Environment:;Waypoints:vienna;,correct,1.0,,,0.0,0.9500560760498047,949,1003,27
waypoint,Type:waypoint;IngressNodeRegex:^madrid$;FinalNodeRegex:istanbul;FinalIfaceRegex:FastEthernet0/0;Negate:False;MaxFailures:1;Environment:;Waypoints:madrid;,correct,1.0,,,0.0,0.7899701595306396,950,1003,26
waypoint,Type:waypoint;IngressNodeRegex:^basel$;FinalNodeRegex:istanbul;FinalIfaceRegex:FastEthernet0/0;Negate:False;MaxFailures:1;Environment:;Waypoints:basel;,correct,1.0,,,0.0,0.7038998603820801,951,1003,25
waypoint,Type:waypoint;IngressNodeRegex:^strasbourg$|^basel$;FinalNodeRegex:istanbul;FinalIfaceRegex:FastEthernet0/0;Negate:False;MaxFailures:1;Environment:;Waypoints:strasbourg;,wrong,2.0,['basel'],"[""('strasbourg', 'basel')""]",1.0,0.677386999130249,951,1004,24
waypoint,Type:waypoint;IngressNodeRegex:^strasbourg$;FinalNodeRegex:istanbul;FinalIfaceRegex:FastEthernet0/0;Negate:False;MaxFailures:1;Environment:;Waypoints:strasbourg;,correct,1.0,,,0.0,0.7395384311676025,952,1004,23
waypoint,Type:waypoint;IngressNodeRegex:^barcelona$;FinalNodeRegex:istanbul;FinalIfaceRegex:FastEthernet0/0;Negate:False;MaxFailures:1;Environment:;Waypoints:barcelona;,correct,1.0,,,0.0,0.8823895454406738,953,1004,22
waypoint,Type:waypoint;IngressNodeRegex:^vienna$|^milan$|^marseille$|^barcelona$;FinalNodeRegex:istanbul;FinalIfaceRegex:FastEthernet0/0;Negate:False;MaxFailures:1;Environment:;Waypoints:vienna;,wrong,4.0,"['milan', 'marseille', 'barcelona']","[""('vienna', 'bratislava')""]",3.0,0.37502598762512207,953,1007,19
waypoint,Type:waypoint;IngressNodeRegex:^vienna$;FinalNodeRegex:istanbul;FinalIfaceRegex:FastEthernet0/0;Negate:False;MaxFailures:1;Environment:;Waypoints:vienna;,correct,1.0,,,0.0,0.6316225528717041,954,1007,18
waypoint,Type:waypoint;IngressNodeRegex:^madrid$|^barcelona$;FinalNodeRegex:kiev;FinalIfaceRegex:FastEthernet0/0;Negate:False;MaxFailures:1;Environment:;Waypoints:madrid;,wrong,2.0,['barcelona'],"[""('warsaw', 'frankfurt')""]",1.0,0.3053598403930664,954,1008,17
waypoint,Type:waypoint;IngressNodeRegex:^madrid$;FinalNodeRegex:kiev;FinalIfaceRegex:FastEthernet0/0;Negate:False;MaxFailures:1;Environment:;Waypoints:madrid;,correct,1.0,,,0.0,0.7426855564117432,955,1008,16
waypoint,Type:waypoint;IngressNodeRegex:^basel$;FinalNodeRegex:kiev;FinalIfaceRegex:FastEthernet0/0;Negate:False;MaxFailures:1;Environment:;Waypoints:basel;,correct,1.0,,,0.0,0.8018484115600586,956,1008,15
waypoint,Type:waypoint;IngressNodeRegex:^strasbourg$|^basel$;FinalNodeRegex:kiev;FinalIfaceRegex:FastEthernet0/0;Negate:False;MaxFailures:1;Environment:;Waypoints:strasbourg;,wrong,2.0,['basel'],"[""('strasbourg', 'frankfurt')""]",1.0,0.5657868385314941,956,1009,14
waypoint,Type:waypoint;IngressNodeRegex:^strasbourg$;FinalNodeRegex:kiev;FinalIfaceRegex:FastEthernet0/0;Negate:False;MaxFailures:1;Environment:;Waypoints:strasbourg;,correct,1.0,,,0.0,0.6539115905761719,957,1009,13
waypoint,Type:waypoint;IngressNodeRegex:^barcelona$;FinalNodeRegex:kiev;FinalIfaceRegex:FastEthernet0/0;Negate:False;MaxFailures:1;Environment:;Waypoints:barcelona;,correct,1.0,,,0.0,0.8838355541229248,958,1009,12
waypoint,Type:waypoint;IngressNodeRegex:^vienna$;FinalNodeRegex:kiev;FinalIfaceRegex:FastEthernet0/0;Negate:False;MaxFailures:1;Environment:;Waypoints:vienna;,correct,1.0,,,0.0,0.64292311668396,959,1009,11
waypoint,Type:waypoint;IngressNodeRegex:^madrid$;FinalNodeRegex:lyon;FinalIfaceRegex:FastEthernet0/0;Negate:False;MaxFailures:1;Environment:;Waypoints:madrid;,correct,1.0,,,0.0,0.7422425746917725,960,1009,10
waypoint,Type:waypoint;IngressNodeRegex:^basel$;FinalNodeRegex:lyon;FinalIfaceRegex:FastEthernet0/0;Negate:False;MaxFailures:1;Environment:;Waypoints:basel;,correct,1.0,,,0.0,0.7707455158233643,961,1009,9
waypoint,Type:waypoint;IngressNodeRegex:^strasbourg$|^basel$;FinalNodeRegex:lyon;FinalIfaceRegex:FastEthernet0/0;Negate:False;MaxFailures:1;Environment:;Waypoints:strasbourg;,wrong,2.0,['basel'],"[""('strasbourg', 'basel')""]",1.0,0.5145688056945801,961,1010,8
waypoint,Type:waypoint;IngressNodeRegex:^strasbourg$;FinalNodeRegex:lyon;FinalIfaceRegex:FastEthernet0/0;Negate:False;MaxFailures:1;Environment:;Waypoints:strasbourg;,correct,1.0,,,0.0,0.8507034778594971,962,1010,7
waypoint,Type:waypoint;IngressNodeRegex:^barcelona$;FinalNodeRegex:lyon;FinalIfaceRegex:FastEthernet0/0;Negate:False;MaxFailures:1;Environment:;Waypoints:barcelona;,correct,1.0,,,0.0,0.6881654262542725,963,1010,6
waypoint,Type:waypoint;IngressNodeRegex:^vienna$|^bratislava$|^praha$|^budapest$|^sofia$|^athens$;FinalNodeRegex:lyon;FinalIfaceRegex:FastEthernet0/0;Negate:False;MaxFailures:1;Environment:;Waypoints:vienna;,wrong,6.0,"['sofia', 'athens']","[""('budapest', 'sofia')""]",2.0,0.503154993057251,963,1012,4
waypoint,Type:waypoint;IngressNodeRegex:^vienna$|^bratislava$|^praha$|^budapest$;FinalNodeRegex:lyon;FinalIfaceRegex:FastEthernet0/0;Negate:False;MaxFailures:1;Environment:;Waypoints:vienna;,wrong,4.0,['praha'],"[""('praha', 'bratislava')""]",1.0,0.4245333671569824,963,1013,3
waypoint,Type:waypoint;IngressNodeRegex:^vienna$|^bratislava$|^budapest$;FinalNodeRegex:lyon;FinalIfaceRegex:FastEthernet0/0;Negate:False;MaxFailures:1;Environment:;Waypoints:vienna;,wrong,3.0,['budapest'],"[""('marseille', 'milan')""]",1.0,0.654618501663208,963,1014,2
waypoint,Type:waypoint;IngressNodeRegex:^vienna$|^bratislava$;FinalNodeRegex:lyon;FinalIfaceRegex:FastEthernet0/0;Negate:False;MaxFailures:1;Environment:;Waypoints:vienna;,wrong,2.0,['bratislava'],"[""('vienna', 'bratislava')""]",1.0,0.4901132583618164,963,1015,1
waypoint,Type:waypoint;IngressNodeRegex:^vienna$;FinalNodeRegex:lyon;FinalIfaceRegex:FastEthernet0/0;Negate:False;MaxFailures:1;Environment:;Waypoints:vienna;,correct,1.0,,,0.0,0.6907985210418701,964,1015,0
